customer_id,lifetime_value
17592,3026.42
372,2978.2799999999997
17547,2680.64
14135,2588.95
13621,2487.41
3251,2467.01
11283,2385.33
5752,2361.67
13894,2343.1
6322,2230.66
9912,2178.4300000000003
8123,2153.2400000000002
3640,2122.89
9573,2115.6900000000005
11172,2112.93
12502,2111.21
17016,2101.5
503,2100.96
2223,2100.4300000000003
8355,2054.98
10266,1994.32
16232,1980.98
16565,1976.53
19684,1929.44
10342,1925.25
14495,1924.76
16148,1923.92
15858,1852.26
8857,1849.5900000000001
13437,1843.31
18426,1833.68
3769,1832.6599999999999
4900,1815.04
4302,1771.27
4647,1755.86
11879,1750.15
7032,1744.42
6422,1737.31
12576,1732.86
14819,1727.58
13282,1697.11
4584,1691.16
13725,1678.36
12997,1672.49
18562,1657.85
2986,1652.07
4406,1639.79
6166,1638.69
15435,1636.67
6242,1635.43
8521,1627.87
12832,1623.27
10493,1603.3999999999999
14195,1581.48
9842,1575.9499999999998
8845,1575.21
6814,1573.8
12117,1553.58
18881,1553.03
13389,1549.21
16241,1545.94
16797,1541.08
12438,1540.79
6425,1537.96
19786,1534.76
17246,1534.55
13701,1529.9699999999998
18646,1525.23
5498,1524.38
4414,1506.91
13628,1506.79
12402,1505.12
6510,1504.17
1625,1501.17
14638,1497.18
10895,1495.53
1406,1488.6599999999999
1286,1484.96
13513,1472.85
18696,1470.0900000000001
14088,1456.6200000000001
3442,1452.37
14657,1450.64
8687,1443.43
12646,1436.19
9673,1434.15
5091,1427.36
14540,1426.9599999999998
17527,1422.9
10502,1410.83
15108,1409.51
7064,1403.9099999999999
18880,1403.68
19568,1395.72
19929,1395.1
9735,1388.6200000000001
12974,1385.46
19783,1384.92
5592,1383.25
15522,1379.0
8431,1374.14
8374,1373.8400000000001
18335,1373.38
2923,1372.8899999999999
12993,1372.65
17151,1368.05
7536,1360.86
117,1355.84
8385,1352.9699999999998
6851,1352.56
12912,1347.97
7977,1346.18
11621,1343.71
12392,1341.24
6068,1340.56
3678,1340.17
7815,1339.3999999999999
847,1335.73
17042,1329.62
4077,1329.48
830,1327.1599999999999
5450,1326.29
5199,1323.92
2974,1321.21
12930,1319.1
2769,1318.67
18551,1316.8000000000002
14672,1316.47
6828,1315.73
15647,1307.94
7795,1307.36
1459,1306.35
16524,1300.1999999999998
634,1300.17
6543,1298.75
19494,1298.52
17692,1293.76
109,1290.44
5258,1286.71
3783,1285.48
9538,1283.43
9006,1276.83
395,1273.15
1189,1271.25
13047,1268.65
4656,1268.41
2609,1266.59
2078,1264.53
7117,1264.3799999999999
9018,1261.6299999999999
12508,1258.1
18092,1257.03
2574,1256.87
1102,1256.24
18805,1253.1599999999999
12905,1250.53
10547,1247.43
816,1246.78
2812,1241.94
4213,1241.6100000000001
14898,1237.55
17254,1237.21
16138,1236.63
19643,1234.3200000000002
18524,1230.8600000000001
2980,1230.2
11236,1229.23
4959,1226.3
5220,1223.8000000000002
10804,1222.44
17281,1222.14
15475,1221.25
13130,1220.75
6430,1219.98
16432,1211.46
9575,1209.47
11176,1204.77
1018,1202.37
19275,1202.3600000000001
10725,1197.02
18539,1193.89
10043,1192.54
6901,1190.4
11446,1190.22
15245,1189.56
16159,1183.12
13854,1183.01
10555,1182.04
4191,1179.38
3411,1175.1
2710,1174.93
11649,1174.65
6063,1171.1799999999998
12313,1170.68
1997,1170.4099999999999
11557,1168.0500000000002
15130,1166.56
13731,1164.04
8689,1161.21
4534,1159.32
2971,1159.2
9854,1158.83
6931,1158.02
2965,1157.8000000000002
15029,1156.3400000000001
7230,1156.19
6852,1154.92
6951,1154.44
5329,1154.05
13716,1152.6999999999998
10463,1151.25
6563,1149.74
18727,1149.72
18436,1148.82
10926,1148.34
2561,1146.99
12139,1145.27
4162,1143.3400000000001
17289,1142.55
4791,1142.5
1088,1141.8700000000001
13483,1140.29
10845,1140.1000000000001
14440,1139.53
7197,1137.21
17384,1135.53
11920,1134.17
1551,1133.55
15195,1132.71
7012,1131.5
13561,1130.65
17243,1128.73
16469,1119.76
13632,1119.03
10751,1118.04
3840,1117.23
19553,1116.86
14168,1113.1200000000001
18919,1110.71
16697,1110.07
8714,1107.97
3522,1106.2800000000002
5041,1106.25
455,1105.2
6803,1104.66
8427,1103.53
17347,1102.2
9760,1102.19
4146,1101.3
5132,1099.67
18783,1098.12
19743,1097.1499999999999
7018,1096.85
7325,1096.03
5305,1093.81
6051,1092.85
7245,1092.71
5429,1090.6
16095,1090.55
9454,1089.48
7041,1087.91
19364,1086.18
11780,1086.03
2291,1084.04
11493,1081.83
12210,1081.5700000000002
9675,1080.72
9718,1080.56
18257,1078.26
9523,1075.26
7474,1074.29
3806,1071.55
19827,1070.44
16940,1070.17
6220,1068.94
15729,1068.46
12448,1066.11
3177,1065.97
1165,1065.3500000000001
13314,1065.03
2865,1064.72
294,1064.59
16635,1062.93
6448,1062.6200000000001
14131,1062.36
18664,1061.46
4749,1058.53
612,1055.32
8918,1054.61
5634,1054.57
9617,1052.24
3835,1050.55
7761,1049.88
18876,1049.68
13968,1047.6699999999998
17979,1047.22
7591,1046.89
17005,1046.68
4292,1046.26
14616,1046.24
19111,1046.1000000000001
741,1045.67
14279,1045.2
8861,1044.71
13176,1043.95
11864,1042.88
4983,1042.8600000000001
9182,1042.65
15849,1041.41
12565,1040.48
16467,1039.81
19222,1038.38
12528,1038.36
19674,1037.6599999999999
16274,1036.24
16047,1033.1499999999999
7167,1032.48
16487,1030.49
253,1030.41
9101,1030.34
7870,1028.77
6013,1028.03
1126,1027.18
40,1025.31
12839,1023.55
3139,1023.4000000000001
13124,1023.17
1633,1022.89
12213,1022.04
8545,1020.9399999999999
15039,1020.9
5317,1020.4000000000001
18515,1019.7399999999999
8322,1018.25
19982,1018.0799999999999
2953,1017.9499999999999
7011,1017.82
15517,1017.8
8673,1017.7199999999999
17829,1016.56
18965,1015.6899999999999
402,1015.68
11842,1014.91
13345,1014.66
1398,1013.47
5865,1011.23
19100,1011.19
13722,1010.38
13218,1009.3199999999999
10734,1008.99
327,1008.15
4167,1007.6700000000001
4328,1006.18
16126,1004.7
14115,1004.48
6892,1004.4300000000001
971,1004.25
14439,1004.0699999999999
14227,1003.87
3179,1003.64
9542,1003.6
10365,1003.54
5292,1002.6500000000001
15214,1002.36
12296,1000.74
14665,999.53
12090,997.41
10928,997.14
9413,995.47
7007,995.38
15677,995.27
12862,995.1100000000001
8490,993.1800000000001
11861,992.3
3075,990.54
9086,988.14
6704,987.24
12004,986.31
9287,983.61
12969,982.53
1772,981.85
9600,981.15
8936,980.09
745,979.6500000000001
7110,979.64
13350,979.48
17381,978.3499999999999
12197,978.3199999999999
10829,978.0699999999999
4450,977.7900000000001
11685,977.63
2571,976.63
14911,976.24
8050,976.15
4334,975.94
11625,975.9
14283,975.86
4413,975.65
9449,975.17
16286,974.5699999999999
15349,974.3600000000001
15940,973.64
12369,973.03
11228,972.36
19555,972.27
13210,971.75
7649,970.3299999999999
19160,970.3199999999999
11960,969.94
6005,969.17
6332,969.03
7115,968.6899999999999
19427,968.1800000000001
9848,968.18
7003,967.6800000000001
19398,966.37
17083,966.02
16160,965.73
11606,965.48
9723,965.34
14400,965.0600000000001
1168,963.79
11144,962.9200000000001
12072,962.48
6375,962.46
261,962.45
6678,962.44
10565,962.18
15059,960.72
16246,960.71
14856,960.3199999999999
7595,960.19
6421,959.81
289,959.12
8979,958.63
18382,958.05
3525,956.85
12082,955.71
6627,955.29
15977,954.6700000000001
13999,954.55
15316,954.14
16946,952.3499999999999
9109,951.97
14747,951.6
15833,951.09
10294,950.69
4730,949.7800000000001
12854,948.8199999999999
6293,948.77
3989,948.73
7756,947.48
13747,947.43
7625,947.1400000000001
1469,944.37
6152,943.3000000000001
15895,942.48
498,941.15
2226,940.94
12876,939.89
10606,939.48
1816,939.21
3754,939.1800000000001
5768,939.0600000000001
5584,939.02
12958,937.96
5922,937.94
9817,937.14
644,936.9200000000001
7834,935.15
1865,935.0600000000001
11254,935.0
15757,934.1099999999999
13014,933.81
16985,933.52
4447,933.29
17948,932.68
3373,932.24
14301,932.1600000000001
18372,931.9200000000001
16845,931.79
3501,931.02
13050,930.92
19311,930.16
7776,930.04
8114,929.86
13738,929.24
5333,928.65
16114,926.92
4549,926.72
9493,925.59
19785,925.47
16116,925.46
4515,924.69
11965,924.47
13246,922.38
10139,921.76
8647,919.3
3116,918.38
19415,918.19
3082,917.1700000000001
6859,916.9599999999999
7648,916.81
18385,916.12
14698,914.5400000000001
2819,914.51
17068,913.3
265,910.64
10973,909.35
8684,909.3399999999999
10473,909.26
16949,909.25
769,908.51
5402,907.4
988,907.3300000000002
17696,906.6899999999999
16772,906.11
8240,906.02
9284,903.47
15088,902.92
8960,902.71
2306,902.63
818,902.06
5813,901.6800000000001
1937,901.08
11502,900.25
15060,899.6700000000001
19450,899.26
12647,898.74
8791,898.5799999999999
9335,898.52
17615,898.31
13108,898.25
6824,897.2
3360,895.56
18818,894.8399999999999
14917,894.3999999999999
5668,894.25
3530,894.1700000000001
18180,894.0
15128,893.2199999999999
2510,892.99
13987,892.21
16421,892.12
13222,891.38
3600,891.25
5946,890.72
10689,888.3299999999999
15784,888.21
79,887.65
6003,887.44
3586,886.95
12171,886.53
16968,886.28
5164,885.8199999999999
11347,885.4300000000001
18448,885.07
12341,884.06
10871,883.64
19771,883.08
18957,881.7399999999999
11576,881.27
5716,880.88
10031,880.71
14043,880.01
7682,879.82
7606,879.67
198,877.96
14847,877.72
8031,877.49
9169,875.3
11044,875.28
11628,875.0999999999999
7444,875.0899999999999
4403,874.53
14383,874.26
3609,874.1400000000001
7507,873.6700000000001
3779,872.87
10392,872.8499999999999
9835,872.68
2133,872.51
8373,872.1700000000001
17055,871.9300000000001
10081,871.7
6733,871.6700000000001
17117,870.8799999999999
15493,870.81
17222,870.77
10220,870.29
13751,870.11
17978,870.04
19690,869.3199999999999
2265,869.1500000000001
10536,869.12
13842,869.0799999999999
3763,868.5699999999999
7232,868.45
14893,868.14
8568,867.96
4399,865.6
15731,865.12
15502,863.74
11796,863.54
8216,863.05
16184,862.92
13504,862.89
161,862.8399999999999
16967,862.8299999999999
10904,862.26
17141,861.6
6133,861.13
6144,860.85
15795,860.77
1460,860.25
7920,860.25
17278,859.47
2040,859.13
17929,858.7
10722,858.43
2807,858.33
17242,857.98
9002,857.86
15843,857.46
3415,857.08
4933,856.77
316,855.77
8598,855.2
14960,855.0999999999999
11511,854.84
15597,854.5899999999999
15106,854.54
793,854.28
382,853.3299999999999
2749,853.13
12491,852.9
314,852.49
17037,851.6099999999999
14869,851.6
19535,851.56
1427,851.35
17084,851.0
4800,850.4899999999999
9963,850.0
11747,849.9799999999999
16464,849.97
14591,849.65
12866,849.55
9624,848.6600000000001
8399,848.01
11876,847.85
4032,847.8299999999999
14662,847.66
5572,847.03
996,846.45
4950,846.2099999999999
10372,845.92
4100,845.76
9471,845.6999999999999
2345,845.6700000000001
14634,845.52
11265,845.49
2519,845.25
14177,844.71
3391,843.6700000000001
2244,842.75
5133,842.42
14326,841.5899999999999
17572,841.49
6417,841.35
8560,841.23
16174,840.89
13020,840.49
1344,840.34
10917,839.75
11895,838.8499999999999
1106,838.5899999999999
9494,838.48
19341,836.66
18741,836.63
2428,836.0
16441,835.69
2081,835.6800000000001
5570,835.56
14874,835.11
2645,834.92
7163,834.88
18610,834.34
17492,834.3299999999999
18012,833.8100000000001
12780,833.76
17097,833.62
15446,833.6
18573,833.3599999999999
2624,832.48
7335,832.28
14376,830.7500000000001
17304,830.6700000000001
19151,830.53
17639,829.88
11185,829.36
19487,829.27
6906,828.8499999999999
19882,828.84
6445,828.5600000000001
5674,828.52
9530,828.3399999999999
14962,828.2
5901,827.87
18138,827.13
1122,826.65
16369,826.15
2638,826.12
8099,825.75
17193,825.21
1724,824.71
18421,824.7
18864,824.7
18325,824.68
3320,824.65
14783,824.33
9450,823.89
3098,823.88
12511,823.86
5374,823.67
4354,823.17
6537,823.06
3641,822.76
13121,822.74
13602,822.05
18471,821.12
795,821.01
1872,820.6700000000001
17728,820.62
2992,820.0400000000001
8953,819.77
6792,819.57
18399,819.27
2121,818.48
1376,817.8199999999999
4493,817.54
7313,816.73
19243,816.48
14271,816.43
6629,816.27
15756,815.2
9982,815.08
17588,814.51
2629,814.4300000000001
17759,814.34
441,813.98
16553,813.2
9685,812.99
13356,812.97
7825,812.38
4934,812.1899999999999
16310,811.57
16398,811.37
4772,809.9599999999999
8154,809.74
4332,809.42
2079,808.53
2481,808.01
18156,807.9300000000001
16809,807.6800000000001
18334,806.99
1602,805.69
18,805.64
5963,805.46
4141,805.21
334,805.12
8425,805.03
12788,804.82
11253,804.78
12571,804.6300000000001
14732,804.49
15951,804.27
18933,803.58
6687,802.42
7963,802.28
8952,802.1199999999999
3951,801.79
4840,801.09
17408,800.8
17832,800.51
13230,800.49
16069,800.42
14315,799.6
5683,798.61
3264,797.8
6017,797.61
2671,796.89
1608,796.83
6437,796.3299999999999
14421,796.04
10792,795.47
13465,795.02
6216,794.62
15571,793.73
5382,793.56
2018,793.0799999999999
5391,792.72
13965,792.46
7526,792.38
10270,792.1700000000001
18129,792.13
17,791.85
4631,791.63
1651,791.54
5998,791.1600000000001
17845,790.82
15444,790.73
6201,790.03
14145,789.96
16633,789.93
6932,789.87
17631,788.88
18380,788.55
9492,788.13
14549,787.99
12717,787.89
10853,787.87
239,787.76
2284,787.66
5505,787.51
6865,787.4399999999999
6025,787.26
7420,787.1
16603,787.0899999999999
2960,786.96
806,785.69
475,785.36
4563,785.26
12743,785.21
15750,785.08
12124,784.28
5772,783.88
8416,783.31
4735,782.83
7982,782.52
2492,782.3499999999999
17209,782.01
17705,781.3299999999999
11508,780.4799999999999
15414,779.71
13671,779.61
12334,779.6
6324,779.53
1408,778.77
16448,778.72
17052,778.38
3930,778.3
13170,778.27
4001,777.59
15117,777.4599999999999
7264,777.13
16598,777.09
16262,776.8599999999999
1426,775.96
3733,775.96
10843,775.91
1454,775.73
1140,775.1
487,774.5
13780,774.3
4149,773.79
3849,773.72
15335,773.37
7149,772.99
3823,771.94
18392,771.36
3369,771.3299999999999
10807,770.03
6455,769.23
9214,769.19
9340,769.11
6509,768.85
5971,768.75
17798,768.63
14107,768.35
17612,767.94
8972,767.53
3871,766.48
18632,765.51
12109,764.79
8227,764.79
18477,764.73
2142,764.44
4480,763.83
8473,763.76
16558,763.38
2903,762.99
9133,762.5899999999999
3708,762.4799999999999
17026,762.34
5927,762.31
4508,762.0
16335,761.9
17375,761.89
4086,761.6999999999999
18923,761.5999999999999
4472,761.25
9329,761.05
802,760.94
14880,760.44
19401,759.8399999999999
9515,759.5
11609,759.34
7496,759.15
14269,758.48
7013,758.41
9338,758.11
10880,757.9
573,757.79
9292,757.63
3777,757.4000000000001
17790,757.17
13622,756.7600000000001
17628,756.4000000000001
16239,756.38
18120,755.87
8449,755.7
14090,755.56
8626,755.06
11618,754.96
18626,754.48
17551,754.09
18107,753.97
1891,753.7
12624,753.63
8875,753.38
6365,753.31
1752,753.03
5115,752.84
982,752.49
16505,752.46
9381,752.32
13097,751.71
7990,751.68
9241,751.36
12579,750.39
13895,749.78
2604,749.76
18794,749.3
12129,749.17
2780,748.77
16803,748.1
14299,747.96
14153,747.76
515,747.6400000000001
9877,747.47
3124,747.01
3071,746.1300000000001
5858,745.5
8252,745.4300000000001
4388,745.43
10409,745.33
8554,745.24
4726,745.12
15333,745.06
3615,744.96
5175,744.55
11243,744.39
1217,744.36
3033,744.0699999999999
15993,743.9100000000001
4079,743.47
13908,743.04
16863,742.54
482,742.4200000000001
4226,742.13
2475,741.96
12446,741.9300000000001
12419,741.52
17593,741.38
17932,741.27
18147,741.12
606,740.97
15142,740.87
14659,740.76
1819,740.42
8691,740.29
15401,740.12
18940,739.71
13679,739.6500000000001
15898,738.85
13008,738.5699999999999
16880,738.11
10728,737.76
14752,737.66
4448,737.5
18735,737.0600000000001
11126,737.03
4109,736.77
19751,736.4
16699,735.99
17518,735.56
13811,735.46
13368,735.36
2557,735.11
1151,734.84
866,734.4300000000001
11048,734.06
16240,734.02
11553,733.71
13302,733.6800000000001
18581,733.56
3647,733.3199999999999
18022,733.12
9642,732.9100000000001
5078,731.69
12679,731.4000000000001
17283,731.38
99,730.92
10847,730.69
11001,729.74
9118,729.67
14354,729.5799999999999
14412,729.45
9181,729.17
10157,729.0799999999999
510,728.95
14221,728.6800000000001
1477,728.55
9632,728.54
19337,728.08
19118,728.08
16782,727.8399999999999
91,727.71
2934,727.68
19581,727.5500000000001
16377,727.27
8679,726.26
13577,726.13
17535,726.04
9000,725.98
5896,725.93
17233,725.7
6093,725.57
19219,725.38
13835,725.24
343,725.09
17903,724.79
13328,724.6
7086,724.45
906,724.4300000000001
17092,723.94
18823,723.85
12827,723.67
14509,723.5799999999999
18813,723.55
7830,722.9
18717,722.39
1079,722.36
14604,722.19
13933,722.07
7165,721.96
3394,721.48
12521,721.35
11587,721.0600000000001
8894,720.74
653,718.9000000000001
4248,718.88
13199,718.78
1328,718.46
1595,718.4100000000001
18194,718.0600000000001
4809,717.41
4842,717.2900000000001
12956,716.99
10727,716.97
2719,716.64
12407,716.62
16420,716.56
5294,716.16
1302,716.07
13634,715.91
10770,715.19
18958,715.03
12613,714.98
6234,714.78
14660,714.23
1007,713.36
8079,713.1899999999999
8574,713.04
4210,712.99
18850,712.02
17286,711.8
4936,711.59
5117,711.5
15835,710.5699999999999
9749,710.45
15371,709.9399999999999
10359,709.59
14324,709.2199999999999
7217,708.95
18355,708.15
12168,707.97
5322,707.2
18938,706.5699999999999
18829,706.35
17786,706.3
19096,705.86
13932,705.57
5280,705.5
505,705.02
14382,703.67
3955,703.57
4401,703.53
19293,703.16
15728,702.73
13396,702.0
17992,701.98
1384,701.71
3214,701.63
9587,701.14
8877,700.88
15259,700.84
17469,700.52
4362,700.42
9015,700.39
12285,699.96
12607,699.81
1808,699.52
3165,699.51
12815,699.16
19772,699.0899999999999
16581,698.79
566,698.7099999999999
10050,698.4200000000001
12904,698.3100000000001
13237,697.77
19625,697.76
12685,697.47
362,696.85
5279,696.5899999999999
16092,695.8299999999999
16299,695.61
8514,694.53
12326,694.44
237,693.97
7841,693.9300000000001
2207,693.7
5699,693.53
17164,693.02
15921,692.61
16588,692.48
262,692.35
12363,692.0799999999999
3651,691.66
1779,691.4599999999999
12778,691.16
2429,691.0999999999999
19534,691.09
16996,690.85
13283,690.77
13158,690.5699999999999
8629,690.4
4829,690.37
13670,690.34
7469,690.3
8038,689.41
841,689.1600000000001
14756,689.04
915,688.52
11772,688.52
19597,688.24
3050,688.17
7560,688.12
19564,688.11
4343,687.95
9053,687.5899999999999
3300,687.53
15215,687.3000000000001
8145,686.5600000000001
18488,685.9
3326,685.47
7118,685.31
550,684.68
7951,684.11
791,683.48
14615,683.47
16222,683.36
7588,683.21
7148,682.61
10420,682.45
19162,682.02
8066,682.0
3578,681.91
13667,681.72
147,681.71
10784,681.56
14530,681.36
5925,681.29
11529,681.07
9199,681.0500000000001
5654,680.7
19152,680.69
14076,680.54
14228,680.51
5647,680.33
10042,680.25
2752,679.95
393,679.75
5230,679.74
5778,679.73
3244,679.6500000000001
4994,679.6
18960,678.9300000000001
15622,678.78
18983,678.68
18134,678.5799999999999
16401,678.5300000000001
6181,678.46
10136,678.2700000000001
6043,677.88
15294,677.82
2800,677.49
9337,677.4
2410,677.35
236,677.15
5987,676.71
15472,676.68
16501,676.55
10378,676.15
7914,676.08
3845,675.89
685,675.8399999999999
17435,675.66
1682,675.35
17965,675.31
1973,675.28
6311,675.15
13642,675.13
17536,675.12
43,675.04
16563,674.9300000000001
9094,674.9200000000001
12218,674.59
18195,674.47
10957,674.3599999999999
1785,674.3299999999999
7892,674.14
4314,673.98
18561,673.75
4059,673.66
5769,673.2
16877,672.61
14721,672.45
19049,672.29
8992,672.18
11302,672.1700000000001
3424,671.97
2993,671.88
19150,671.1
18069,670.85
4320,670.8499999999999
14263,670.7
6413,670.69
19993,670.6700000000001
10874,670.5699999999999
5887,670.51
7050,670.47
2516,670.45
757,670.0999999999999
14344,669.98
16862,669.67
2844,669.67
19127,669.31
11589,669.29
11456,669.25
18093,669.14
19876,669.01
3235,668.81
2387,668.66
12664,668.0799999999999
13067,667.24
1901,666.85
9510,666.84
7783,666.83
11678,666.71
10245,666.49
3070,666.28
18917,666.02
4235,665.94
19577,665.84
17442,665.71
15956,665.55
3723,665.47
4866,665.41
19026,665.29
4525,665.05
11728,665.02
11235,664.99
2672,664.89
15585,664.81
18027,664.39
18535,664.22
9396,664.1999999999999
6075,663.31
17923,663.27
16768,663.03
19766,662.78
16388,662.61
12753,662.51
3046,662.49
12645,662.31
7637,662.27
1890,662.26
1562,662.25
19909,661.85
7456,661.8
5630,661.7
7917,661.44
13126,661.26
415,661.19
1809,661.0699999999999
7030,661.01
16624,660.76
16749,660.7
3223,660.6
19249,660.3100000000001
13098,659.63
10228,659.45
5010,659.3100000000001
2900,659.24
9950,658.87
7791,658.86
13157,658.3399999999999
15304,658.21
1464,658.06
13159,657.92
12358,657.63
13278,657.46
16785,657.26
8479,657.1800000000001
19215,657.06
15845,657.0
4922,656.73
19873,656.6
16632,656.59
1998,655.29
1486,655.2
7387,654.9200000000001
5595,654.42
3912,654.08
8068,653.99
19711,653.59
17775,653.56
10575,653.49
181,653.41
4512,653.2800000000001
2845,653.21
16139,653.15
13250,653.02
19348,653.0
3703,652.62
9780,652.58
5148,652.49
3960,652.19
6587,652.16
8148,652.0300000000001
9827,651.87
10426,651.8
16909,651.6899999999999
14224,651.5799999999999
14798,651.55
587,651.41
10424,651.4
16341,651.26
8494,651.13
12844,650.88
6768,650.6700000000001
7679,650.6300000000001
2011,650.23
17004,650.03
9884,650.02
14722,649.8900000000001
14600,649.8
17224,649.69
18600,649.55
13457,649.1800000000001
1050,648.8100000000001
10475,648.7
1010,648.45
8469,648.07
266,647.9000000000001
4855,647.81
15914,647.78
3140,647.51
8309,647.4300000000001
12689,647.3100000000001
8379,647.26
3490,647.16
19043,647.0699999999999
8645,646.83
15050,646.32
4890,646.28
18424,646.28
19646,646.24
14816,646.18
5481,646.17
8970,646.15
4940,646.09
12725,645.5699999999999
8347,645.46
3791,645.41
2791,645.21
15897,645.12
17954,644.49
3397,644.47
8807,644.41
8491,644.4
13502,644.23
2802,644.12
17793,644.06
14140,643.76
18265,643.65
9205,643.5699999999999
15360,643.09
9623,643.0799999999999
8014,642.77
5981,642.75
1833,642.64
15344,642.46
5166,642.3299999999999
11734,642.24
2169,642.2
17204,641.87
16570,641.86
10608,641.7099999999999
10202,641.6700000000001
8444,641.65
9946,641.59
7435,641.58
10691,641.4300000000001
2869,641.4
6977,641.37
7939,641.26
10247,640.9300000000001
2517,640.84
16977,640.8399999999999
8349,640.8299999999999
6616,640.8199999999999
13953,640.5500000000001
6708,640.5
5118,640.3499999999999
16413,640.31
7322,640.02
11679,639.71
3953,639.43
13610,639.39
15492,639.09
6396,638.81
5837,638.76
2997,638.74
11607,638.6500000000001
2180,638.61
18531,638.09
4682,637.36
12669,637.21
4101,637.17
10013,636.9799999999999
9993,636.83
9646,636.7900000000001
18288,636.74
14559,636.61
8376,636.43
10070,635.84
1303,635.76
4636,635.72
19914,635.7
9892,635.61
1688,635.24
10788,635.23
18361,635.21
11145,635.16
2562,635.0799999999999
7130,635.06
5731,635.02
2914,634.81
9113,634.76
4179,634.53
7956,634.14
10802,633.98
5029,633.9
8519,633.79
14689,633.58
19512,633.5
13303,633.4
8637,633.3399999999999
17734,633.3199999999999
18504,633.28
3443,633.06
19077,632.83
12199,632.83
2001,632.8199999999999
8751,632.66
1780,632.47
19113,632.35
7644,632.1600000000001
4641,632.16
18168,632.05
13683,631.84
8955,631.8
13208,631.59
16560,631.47
18815,631.4599999999999
8235,631.35
9824,630.78
1661,630.77
19372,630.3299999999999
1257,630.32
7954,630.25
7296,630.21
6790,630.1899999999999
13039,630.13
3383,630.11
3301,629.76
18248,629.75
8669,629.75
9844,629.74
12299,629.63
6885,629.57
10884,629.4200000000001
14219,629.39
19871,629.22
7259,629.18
14137,628.9200000000001
18712,628.85
16237,628.56
9535,628.42
12306,628.21
18332,628.12
4640,627.3
5121,626.72
18799,626.63
10903,626.55
7036,626.49
11515,626.32
16855,626.08
14464,626.02
13300,626.0
15022,625.91
2716,625.55
9614,625.49
12692,625.15
8187,625.11
4386,625.09
9757,624.84
10251,624.46
1796,624.2399999999999
18952,624.1
9423,623.72
17103,623.7
18789,623.65
4478,623.5500000000001
4856,623.47
3982,623.4699999999999
18995,623.4499999999999
17367,623.18
14350,623.17
3690,623.13
13588,623.06
4452,622.97
619,622.9300000000001
5807,622.81
13427,622.57
13934,622.33
4524,622.3299999999999
16605,622.13
3998,622.02
16391,621.83
2705,621.62
11229,621.59
11994,621.57
4315,621.33
5690,621.25
4135,621.12
10406,620.9599999999999
16053,620.63
8345,620.56
6519,620.28
16522,620.12
345,620.09
19425,619.8299999999999
11822,619.78
18188,619.72
3988,619.53
12360,619.23
16868,619.22
8266,619.1600000000001
18136,619.1500000000001
12874,618.93
6405,618.92
14565,618.53
318,618.1800000000001
17473,617.73
4432,617.3499999999999
13638,617.29
12959,617.21
9539,616.96
838,616.8299999999999
19659,616.8199999999999
14884,616.73
19650,616.6400000000001
10345,616.51
4779,616.38
18158,616.35
19097,616.12
13753,615.8499999999999
6804,615.62
17373,615.56
7243,615.56
399,614.89
8518,614.79
17904,614.34
6662,614.31
10975,614.04
10628,613.94
4990,613.76
15825,613.6800000000001
6558,613.49
9301,613.11
5227,613.03
4405,612.96
8185,612.9499999999999
12303,612.93
3423,612.9
14539,612.78
4630,612.54
12899,612.31
14311,612.21
18357,611.86
3329,611.69
632,611.69
16663,611.66
5178,611.2
10552,611.11
11400,610.83
14253,610.8
7071,610.34
11242,610.0
19289,609.85
7505,609.8499999999999
14348,609.76
15136,609.58
10414,609.28
10631,609.09
10774,608.4
8051,608.3199999999999
7266,608.23
3805,608.23
9132,607.9
12939,607.7
6024,607.66
6997,607.43
4290,607.38
9541,607.3
4882,607.11
15124,607.1
12364,607.0999999999999
12881,606.9300000000001
15733,606.87
7645,606.64
17264,606.56
11644,606.53
19419,606.4300000000001
14776,606.39
6630,606.2
3027,606.15
16980,605.84
3013,605.84
8471,605.62
12203,605.54
9719,605.5
13880,605.29
13713,605.13
4491,605.0699999999999
12638,605.05
18555,605.02
4638,604.48
11671,604.28
19868,604.01
10504,603.89
6292,603.76
3699,603.74
11916,603.6
1004,603.53
11792,603.45
6366,603.4000000000001
591,603.29
1936,603.22
15334,602.74
16046,602.48
398,602.46
13080,602.4200000000001
19355,602.27
18494,601.83
637,601.77
101,601.5699999999999
4152,601.48
5107,601.15
13581,601.03
18832,600.71
12111,599.66
19241,599.65
4111,599.43
3413,599.39
2683,599.39
14112,599.31
9740,599.11
15538,598.99
12572,598.7900000000001
1177,598.77
13346,598.6
14702,598.5
8822,598.11
2096,597.94
17143,597.7
10743,597.57
3419,597.4100000000001
1732,597.26
611,597.26
4650,597.24
11756,597.13
18852,597.02
1548,596.92
5779,596.8
2707,596.59
18144,596.1700000000001
10549,596.03
5518,595.97
6382,595.3000000000001
7660,594.94
18695,594.71
14438,594.71
11240,594.63
19813,594.53
6685,594.1500000000001
5363,593.99
4612,593.9000000000001
17008,593.8
4795,593.74
14903,593.65
1959,593.51
11261,593.49
10291,593.4399999999999
18882,593.42
1109,593.14
16760,592.98
19606,592.9
13292,592.75
14020,592.4699999999999
16238,592.36
6210,592.35
1419,592.34
8940,592.21
2354,592.1800000000001
12328,592.14
2467,592.0
11638,591.9200000000001
19795,591.89
5759,591.8199999999999
11355,591.81
3060,591.55
17323,591.4399999999999
738,591.38
15473,591.24
15180,590.97
694,590.75
9470,590.6
11843,590.5500000000001
18678,590.4100000000001
5456,590.38
17127,590.38
12628,590.3
17727,590.25
19800,590.19
9615,590.12
7001,589.8800000000001
12822,589.78
13528,589.78
75,589.54
9751,589.45
6393,589.38
16958,589.3599999999999
6750,589.2099999999999
2149,589.13
10061,589.05
17425,588.97
15681,588.75
5686,588.62
13821,588.59
6843,588.5400000000001
3440,588.41
2750,588.24
19838,588.23
14124,588.2
1087,588.06
10196,587.86
2135,587.84
10052,587.81
16152,587.75
8616,587.37
13009,587.27
11653,587.24
11003,587.2
6105,587.02
6409,586.8699999999999
19298,586.86
337,586.78
13544,586.6899999999999
2224,586.6800000000001
3630,586.4000000000001
14169,586.1
14047,586.09
17487,585.91
5104,585.73
10222,585.37
10836,585.22
1210,584.77
1632,584.46
7342,584.4
11006,584.3699999999999
8919,583.77
2253,583.48
6176,583.37
19782,583.16
15116,582.92
3204,582.75
6122,582.6800000000001
3549,582.36
5703,582.04
17809,581.88
829,581.74
15988,581.71
9016,581.69
12992,581.51
15941,581.39
15776,581.2
13433,581.11
8172,581.0799999999999
13036,580.91
18155,580.88
9399,580.61
49,580.52
9024,580.47
15267,580.3100000000001
8677,580.25
12209,580.1800000000001
7375,580.11
5160,579.99
18059,579.78
19436,579.72
11681,579.72
13929,579.67
11297,579.47
13503,579.31
14293,579.14
3129,578.94
10350,578.92
18125,578.69
16543,578.56
1061,578.0799999999999
16800,577.91
19817,576.94
18287,576.92
19683,576.71
18583,576.68
16127,576.58
3109,576.53
1629,576.38
13654,576.38
9683,576.3
15982,576.22
10242,576.15
4740,576.11
991,576.11
14037,576.06
15087,576.04
185,575.53
989,575.53
11781,575.28
15558,575.17
13989,575.1199999999999
6090,575.01
1952,574.88
10572,574.53
3677,574.17
19942,574.09
2560,573.88
15291,573.87
12894,573.6800000000001
2942,573.6600000000001
141,573.52
17926,573.4200000000001
4270,573.0600000000001
12819,572.92
173,572.79
16982,572.76
12843,572.69
2937,572.59
14699,572.37
14642,572.3100000000001
3793,572.0
17484,571.74
2846,571.6800000000001
18393,571.5600000000001
11153,571.2
12666,571.08
14984,570.96
680,570.6600000000001
542,570.47
19478,570.4399999999999
4552,570.27
18692,570.03
13757,569.97
6032,569.71
9839,569.57
6320,569.17
14206,569.1600000000001
4205,569.04
1660,568.85
6505,568.68
638,568.65
19998,568.55
430,568.5300000000001
10295,568.48
6780,568.34
1631,568.32
19591,568.3100000000001
13693,568.31
17456,568.3
19759,568.15
1563,567.5699999999999
16786,567.3399999999999
15160,567.09
14740,566.91
17192,566.89
8377,566.55
1570,566.53
18743,566.12
8112,566.1
3882,565.86
1304,565.8
12310,565.69
856,565.36
10644,565.34
4184,565.1800000000001
18446,565.1700000000001
10002,565.0799999999999
14620,564.3299999999999
4790,564.3299999999999
2854,563.98
7237,563.97
9505,563.86
17750,563.8399999999999
14210,563.83
483,563.77
3476,563.56
18765,563.37
5447,563.36
7585,563.33
12116,563.27
14715,563.24
7068,563.13
1298,563.07
730,563.06
9064,563.02
6044,563.0
5163,562.75
3171,562.7
3263,562.61
7662,562.5
17368,562.1700000000001
3441,561.9300000000001
1523,561.92
1226,561.89
6330,561.7
9166,561.67
12453,561.53
15505,561.51
1409,561.27
4629,561.21
14328,561.16
4839,561.05
6511,560.71
8116,560.49
8456,560.48
2764,560.42
10665,560.29
7991,560.15
3802,559.87
15310,559.82
2060,559.75
17565,559.71
14817,559.46
16108,559.4399999999999
11040,559.43
19204,559.25
13809,559.0999999999999
11150,559.08
15507,558.93
13154,558.89
948,558.72
10663,558.6700000000001
1539,558.6600000000001
16208,558.63
17583,558.57
12114,558.53
16604,558.4
6428,558.26
7188,557.9
3923,557.88
7993,557.87
6356,557.3
15018,557.3
10898,557.29
6118,557.19
17390,557.18
14470,557.05
17069,557.03
10267,556.98
4063,556.94
19396,556.48
13552,556.38
19413,556.24
19228,555.86
8498,555.59
4770,555.49
10299,555.34
5015,555.19
9210,555.1700000000001
1200,555.0699999999999
17189,554.89
284,554.8000000000001
7864,554.8
18549,554.79
17930,554.77
16606,554.74
16882,554.64
2208,553.9
18268,553.74
13046,553.61
5067,553.56
19526,553.45
9661,553.04
7861,552.99
933,552.8
2059,552.74
578,552.5600000000001
8248,551.9
10240,551.87
4675,551.52
3787,551.39
1360,550.81
14080,550.62
2746,550.24
17252,550.04
6342,549.87
15693,549.85
2049,549.6800000000001
14801,549.53
11827,549.45
12010,549.4499999999999
7486,549.41
9529,549.35
2150,549.24
8763,549.23
17796,549.18
19056,549.12
19678,549.07
16416,548.95
19543,548.94
17433,548.6800000000001
6217,548.64
7312,548.53
8090,548.2
10401,548.13
11915,547.6
6583,547.42
11584,547.36
13490,547.15
1195,546.72
5864,546.59
336,546.58
1842,546.48
11569,546.38
4796,546.3499999999999
10130,545.56
6841,545.27
13867,545.18
9922,544.89
17039,544.78
1314,544.6800000000001
4793,544.54
463,544.51
7858,544.31
15198,544.19
5083,544.18
172,544.05
17810,544.0
15586,543.94
16005,543.91
8697,543.89
1134,543.71
9403,543.59
5427,543.59
8977,543.37
858,543.26
6714,543.19
7743,543.04
9077,542.99
16463,542.84
7221,542.7
8505,542.55
1467,542.46
7973,542.26
16595,541.77
15562,541.3100000000001
13592,541.0300000000001
16962,541.0
10673,540.99
18676,540.91
12140,540.87
5044,540.74
7162,540.51
1481,540.5
15937,540.31
17200,540.21
1517,540.1800000000001
19832,540.0
13778,539.81
1561,539.75
723,539.7
9959,539.6199999999999
9681,539.5999999999999
3599,539.53
15153,539.53
11787,539.47
10045,539.1
874,539.06
9643,538.8
4429,538.8
19475,538.62
18396,538.61
12654,538.59
2850,538.55
18710,538.4
10162,538.37
19363,538.33
11885,537.8299999999999
12588,537.67
2255,537.6
19223,537.51
13830,537.48
10134,537.38
12802,537.32
14988,537.24
17074,537.23
9074,537.15
1142,537.03
6724,536.91
14812,536.91
5308,536.9
16554,536.17
7964,536.11
16963,535.83
4941,535.67
17876,535.49
19744,535.25
18769,534.83
11231,534.8
6282,534.49
2094,534.41
19890,533.86
14075,533.86
10197,533.78
6757,533.69
18754,533.57
14608,533.3100000000001
6427,533.26
8288,533.17
3353,533.0899999999999
10806,532.9000000000001
2578,532.86
17040,532.85
3706,532.7
6679,532.6
2122,532.42
5085,531.79
7483,531.63
13476,531.53
13988,531.3
2528,530.94
13865,530.9
10972,530.88
12256,530.76
9759,530.5
908,530.27
8082,530.2
2230,529.99
14353,529.97
3834,529.89
14063,529.72
14363,529.6800000000001
4344,529.68
6856,529.65
1196,529.5799999999999
19963,529.5699999999999
8195,529.52
1495,529.41
7829,529.36
18563,528.76
14437,528.75
8088,528.64
16858,528.48
4218,528.46
776,528.01
16177,527.93
2148,527.78
1484,527.69
18178,527.66
12147,527.63
19726,527.62
17393,527.61
19272,527.3
10169,527.29
609,527.07
1919,526.9100000000001
15437,526.77
4782,526.7
5838,526.68
18343,526.51
16852,526.44
7888,526.41
14323,526.4
15137,526.21
19734,526.11
6392,525.97
7434,525.77
3676,525.76
10403,525.65
13215,525.44
5320,525.37
16576,525.36
7792,525.35
11561,525.21
5662,524.95
1149,524.91
19709,524.8
11904,524.69
10626,524.65
3325,524.5799999999999
6819,524.48
7070,524.3399999999999
18751,524.2900000000001
5501,524.29
8974,524.15
6489,524.0
6440,523.97
472,523.71
10214,523.6
919,523.53
13305,523.51
11570,523.5
8497,523.5
15319,523.32
16724,523.1800000000001
8662,523.12
10389,522.9399999999999
5667,522.6999999999999
6463,522.46
6632,522.39
6150,522.28
9796,522.19
4847,522.18
19021,522.15
174,522.14
8511,521.98
17363,521.51
1186,521.36
7865,521.35
18201,520.99
9203,520.84
10145,520.79
7619,520.76
2084,520.74
18150,520.21
14152,520.19
499,519.8
8843,519.7
12120,519.53
2596,519.3
2925,519.01
3449,518.99
16493,518.8399999999999
19641,518.5500000000001
17795,518.52
9507,518.42
16339,518.3
2468,518.23
8499,518.18
2344,518.05
19681,518.01
2963,517.9399999999999
13288,517.93
13343,517.64
18999,517.47
12888,517.46
16706,517.45
8197,517.1700000000001
13873,517.15
5782,517.0
9038,516.98
7675,516.95
16689,516.9
1903,516.75
19492,516.65
18853,516.64
6402,516.51
15484,516.48
4794,516.44
4965,516.41
597,516.4
17784,516.38
6130,516.35
8493,516.31
8269,516.19
13371,516.13
12475,516.11
16887,515.88
613,515.82
3079,515.8100000000001
9957,515.77
15668,515.63
716,515.63
898,515.6199999999999
17405,515.56
8506,515.1700000000001
14797,515.11
1810,515.01
3543,514.77
5960,514.74
432,514.5699999999999
15196,514.34
6101,514.3000000000001
9812,514.19
4231,514.1700000000001
15300,514.1600000000001
209,514.09
4541,514.0699999999999
11080,514.0699999999999
8652,513.56
19197,513.47
17293,513.33
15570,513.23
12227,513.17
5564,512.86
19586,512.8299999999999
15618,512.78
11831,512.72
5410,512.71
2152,512.51
1727,512.45
6681,512.2
12025,512.02
13244,511.99
13307,511.95
19905,511.86
19760,511.74
2987,511.74
14823,511.63
3042,511.59000000000003
7344,511.56
8048,511.55
2213,511.5
6312,511.43
12196,511.28999999999996
1762,510.95
369,510.78999999999996
12105,510.65
254,510.58
12232,510.40999999999997
15490,510.39
14031,510.32000000000005
12058,510.27
6350,510.2
16959,509.88
16648,509.71000000000004
15660,509.67
1227,509.28
12424,509.07000000000005
13976,509.07
17387,509.06999999999994
18098,508.95
10278,508.92
17485,508.78999999999996
19212,508.65999999999997
1801,508.55
12603,508.52
14799,508.45
12540,508.37
554,508.23
15051,508.23
16511,508.14
15884,508.03999999999996
13644,508.0
14089,507.67
4700,507.39
1105,507.31
15987,507.04
10064,507.0
1755,506.87
2723,506.79999999999995
15419,506.78000000000003
11574,506.72
3789,506.69
835,506.48
1416,506.41
2141,506.38
16905,506.29
4751,506.19
15942,505.95000000000005
6045,505.95
15766,505.92
9324,505.90999999999997
3510,505.78999999999996
3810,505.71000000000004
5968,505.7
3546,505.45
18356,505.27000000000004
12287,505.22999999999996
2916,505.06
16665,504.80000000000007
5460,504.79
2008,504.75
16334,504.72999999999996
11481,504.67
4546,504.29999999999995
15217,504.28
8881,504.19
4985,504.18
11758,504.06
5359,503.62
8108,503.27000000000004
5715,503.19
15659,502.87
3181,502.86
69,502.8
17313,502.56
6743,502.51
5945,502.37
19195,502.23
2240,502.23
508,502.09
1628,501.97
18021,501.7
7077,501.68
2346,501.68
4788,501.65
15770,501.42
1185,501.35
5377,501.18999999999994
557,501.1
5486,501.02
11662,500.94000000000005
16351,500.83000000000004
2393,500.82
6996,500.80999999999995
13361,500.75
1381,500.63000000000005
2564,500.59000000000003
10671,500.54
10399,500.51
95,500.46999999999997
11779,500.43999999999994
16700,500.41999999999996
5401,499.94
10200,499.9
15453,499.88
1730,499.73
20,499.72999999999996
17636,499.49
1229,499.35
4431,499.31
17659,499.28999999999996
6001,499.21000000000004
15377,499.20000000000005
16494,498.98
15273,498.97
15995,498.95
12415,498.78
10852,498.77
12557,498.77
9270,498.71000000000004
7252,498.68
7983,498.58
6968,498.51
1679,498.3
11214,498.16
7633,498.15
14663,498.13
3208,498.12
6553,497.97
6661,497.84000000000003
10313,497.79999999999995
11453,497.46999999999997
7320,497.39
771,497.34999999999997
3892,497.26
4547,496.95000000000005
14805,496.82000000000005
13792,496.62
4867,496.5
13402,496.49
862,496.43
18801,496.28
18035,496.14
4822,496.08
6251,496.06999999999994
1247,495.86
19731,495.81
15519,495.72
1480,495.68
4986,495.58
8382,495.45000000000005
1895,495.45
17379,495.41
3839,495.34000000000003
19557,495.34
4574,495.14
16762,495.12
14365,495.1
7631,495.04
18453,494.91
18969,494.81
13032,494.78999999999996
210,494.76
7639,494.69
9264,494.53
8693,494.39000000000004
3447,494.39
814,494.32
17800,494.22
8746,494.09000000000003
12859,493.92
7759,493.86
16568,493.86
1871,493.83000000000004
15086,493.76
18033,493.74
5409,493.69
17181,493.68
12593,493.61
17199,493.54
17299,493.37
18926,493.36
6338,493.33000000000004
13260,493.19999999999993
8901,493.12
11309,493.12
14232,493.08
810,493.05
15423,492.49
7552,492.34
6002,492.28000000000003
9227,492.26
16582,492.26
8059,492.21
15657,492.16999999999996
8029,492.10999999999996
8987,491.98
11192,491.94
6984,491.89
16708,491.87
1065,491.62
4094,491.47
17943,491.46
11738,491.33000000000004
11848,490.94
2553,490.93
9206,490.89
6473,490.85
16994,490.83000000000004
6580,490.72
17276,490.71000000000004
16777,490.5
12450,490.38
2666,490.04
11376,490.03
19489,489.98
6333,489.95
2296,489.79
14836,489.79
9648,489.79
17494,489.74
18729,489.72
5902,489.7
18621,489.33000000000004
2445,489.28999999999996
9209,489.13
8367,488.94
11116,488.94
3178,488.86
11387,488.67
9405,488.52000000000004
10487,488.41
5076,488.40999999999997
12054,488.36
1364,488.34
14065,488.28
2585,488.12
15576,487.86
16867,487.82
11134,487.67
7023,487.62
8443,487.46
16716,487.45000000000005
11578,487.26
8771,487.25
7677,487.23
19611,487.13
16675,486.89
10583,486.81
5250,486.77
14147,486.58
16989,486.42
17733,486.42
1587,486.06
12676,485.96000000000004
2886,485.87
6753,485.78000000000003
19092,485.77
2370,485.62
19579,485.5
19708,485.24
18313,485.1
1966,485.1
10277,485.05
17945,484.9800000000001
6958,484.8
2622,484.79
17472,484.72999999999996
12716,484.72999999999996
5318,484.72
19135,484.68
9412,484.67
11844,484.62
17952,484.55999999999995
5726,484.55
2384,484.53999999999996
9938,484.35999999999996
4347,484.33000000000004
12,484.25
16993,484.23
1167,484.12
9908,483.99
4317,483.95
11873,483.68
11325,483.66
4632,483.61999999999995
5173,483.4
3099,483.17
11287,482.86
2836,482.8
14231,482.64
14039,482.25
16370,482.25
9486,482.15999999999997
11341,482.15999999999997
12214,482.11
2847,482.11
3902,482.02
4963,481.67
9527,481.62
8009,481.53
9612,481.51
12519,481.43
8036,481.40999999999997
4619,481.15999999999997
2151,481.12
6849,480.65
17748,480.47
18947,480.43
2970,480.37
1507,480.36
16806,480.35
4011,480.32
6182,480.22
3142,480.18
2489,480.07
714,480.02
15510,480.01
15457,479.93
4852,479.8
7671,479.75
9782,479.67
524,479.61
19259,479.53
1799,479.46000000000004
10304,479.46
9519,479.43
13497,479.23
11846,479.23
5786,479.12
10173,479.03000000000003
15185,478.93
18237,478.73
19390,478.5
5213,478.46000000000004
11941,478.41
16204,478.41
2029,478.40000000000003
14837,478.36
5224,478.19999999999993
14018,478.14
3545,477.86
18051,477.81
16897,477.75
19159,477.72
2692,477.71
3024,477.61
3205,477.42
571,477.16
15739,476.99
2912,476.97999999999996
16943,476.72
3448,476.59000000000003
15773,476.33
10599,475.72999999999996
5235,475.69
5544,475.65
820,475.41999999999996
10676,475.22
17505,475.1
1738,474.99
16074,474.89
5912,474.86
5545,474.53000000000003
19025,474.41999999999996
11113,474.32000000000005
6781,474.21000000000004
10156,474.12
2269,474.03
8694,473.95
2433,473.77
8670,473.58
18381,473.37
18467,473.0
9657,472.99
2219,472.97
18072,472.94
3741,472.93
1489,472.78999999999996
17410,472.56
698,472.56
3876,472.46
7487,472.44
16366,472.42
11919,472.40999999999997
12672,472.33000000000004
8552,472.2
17942,472.11
2576,471.99
17380,471.98
551,471.96
15745,471.8
13374,471.22
17587,471.15
5234,471.15
18624,471.02000000000004
13161,471.0
19069,471.0
17207,470.65
8906,470.64
17802,470.59999999999997
6652,470.56
7092,470.40999999999997
19927,470.4
10827,470.34000000000003
16117,470.32000000000005
2004,470.22
19671,470.18
5215,470.15999999999997
11472,470.11
16856,469.93
14356,469.92999999999995
3916,469.77
4601,469.72
15426,469.68
11665,469.46
7700,469.45
9478,469.13
2573,469.05999999999995
2945,468.99
13568,468.94
9795,468.93
5479,468.90000000000003
8168,468.9
15678,468.8
13964,468.76
11664,468.72
12577,468.49
7635,468.4
19811,468.36
19928,468.19000000000005
3814,468.15000000000003
3979,468.03
18810,467.96000000000004
13522,467.94
8200,467.86
17364,467.83
2563,467.8
16481,467.75
9106,467.72
16264,467.71999999999997
11555,467.69
16459,467.67
2883,467.51
17920,467.42999999999995
8593,467.33
3396,467.28000000000003
16924,467.17
19144,467.17
923,467.15
12821,467.06000000000006
16928,466.98
14171,466.83
15481,466.8
3786,466.63
1675,466.61
12329,466.56
16618,466.43
614,466.38
17544,466.37
2039,466.26
13002,466.24
188,466.20000000000005
10537,466.19
16517,466.13000000000005
17445,466.05
12219,465.95
4052,465.89
13996,465.75
11404,465.65000000000003
4204,465.51
7184,465.5
14826,465.48
12596,465.17999999999995
11884,465.12
8140,465.09000000000003
6818,464.96
10539,464.89
12325,464.75
13319,464.71000000000004
11535,464.53000000000003
4672,464.48
34,464.48
5605,464.47999999999996
11345,464.45000000000005
19347,464.45
6552,464.0
19497,463.94
8744,463.84000000000003
12574,463.82000000000005
14640,463.76
7790,463.74
1706,463.71
1051,463.15
18968,462.98
6919,462.94
7620,462.71
13914,462.69
13764,462.66
4901,462.63
15396,462.59000000000003
8683,462.53
11196,462.42
7883,462.42
5693,462.41999999999996
14452,462.34
11342,462.32
1348,462.02
216,461.90999999999997
16189,461.84000000000003
7457,461.83000000000004
12702,461.62
12378,461.61
6209,461.60999999999996
15425,461.59000000000003
785,461.38
11923,461.3299999999999
2419,461.22
13832,461.18
2106,461.1
16214,461.04999999999995
16165,460.89
17071,460.84999999999997
8316,460.8
8196,460.79999999999995
18928,460.79
7029,460.78999999999996
6435,460.59000000000003
9052,460.5
15547,460.41999999999996
4571,460.32
16010,460.14
10271,459.84000000000003
2239,459.62
18606,459.62
18871,459.51
5200,459.5
8155,459.33
5737,459.2
8833,458.92
18742,458.82
6827,458.71
5014,458.46999999999997
4873,458.37
4458,458.26000000000005
11133,458.04
1719,458.01
18375,457.92
15703,457.90999999999997
14833,457.89
19874,457.84999999999997
9701,457.84000000000003
2417,457.78
17653,457.77
8466,457.76
13871,457.48
17841,457.47
7519,457.31
1784,457.31
1648,457.25
2409,457.23
2116,457.01
12998,456.97
8307,456.89
16802,456.63
1243,456.2
17434,455.98
9331,455.69
19818,455.6
7848,455.56
10044,455.45
11868,455.40999999999997
8381,455.28
17730,455.25
10185,455.0
13819,454.84000000000003
16822,454.55
2512,454.42999999999995
1242,454.42
18614,454.36
9896,454.35
16442,454.29
7801,454.26
18582,454.14
15073,454.09
5273,453.96
10429,453.96
6953,453.85
108,453.75
14424,453.69
16512,453.68
4705,453.65999999999997
19680,453.63
13162,453.46
13919,453.29999999999995
1359,453.28999999999996
10681,453.28999999999996
10997,453.27
16895,453.18
9195,453.05
14544,453.0
15759,452.85
1880,452.85
18331,452.68000000000006
6110,452.56
4674,452.54999999999995
6832,452.49
15638,452.28
12237,452.14
2849,451.88
9986,451.82
4269,451.68
5313,451.28999999999996
7691,451.28
5090,451.17
5565,450.84
9852,450.7
1835,450.55999999999995
9918,450.38
14562,450.21
8772,450.2
15016,450.1
414,450.04
3041,449.99
1021,449.98
7653,449.93
6325,449.9
10213,449.88
10697,449.86
18936,449.81
3014,449.79
6579,449.76
8535,449.71000000000004
3491,449.71000000000004
13306,449.64
16562,449.51
8727,449.5
1182,449.36
10254,449.27
10615,449.1
8011,448.98999999999995
11990,448.97
3480,448.96000000000004
15057,448.94
6169,448.71000000000004
19605,448.53000000000003
469,448.52
19588,448.48
1647,448.46
6742,448.45
14654,448.39
16360,448.28999999999996
6038,448.21999999999997
17869,448.03
11745,448.01
6074,447.87
17650,447.78
19240,447.76000000000005
1948,447.69
6381,447.67
3293,447.66999999999996
5503,447.6
10995,447.58
2952,447.57
18943,447.47
5732,447.46000000000004
15613,447.36
2566,447.35
7557,447.32
17450,447.16
17703,447.15
13435,447.14
8777,447.05
7805,447.02
12858,447.0
3590,446.92
19952,446.86
11617,446.69
15201,446.52
5566,446.46999999999997
3973,446.45
4531,446.42
1019,446.33
5741,446.28
5063,446.23
15992,446.09000000000003
202,445.93
878,445.92
16325,445.87
11023,445.83
9774,445.76
9201,445.58
17358,445.33
14478,445.18
10584,445.1
6929,445.03
17123,444.97
8023,444.97
16008,444.85
19185,444.67
14716,444.65
885,444.60999999999996
196,444.5
7835,444.49
11095,444.48
2144,444.46000000000004
16343,444.38
13411,444.38
7661,444.28
9268,444.21000000000004
1316,444.09
4824,444.03999999999996
8174,443.62
16931,443.56
13563,443.52000000000004
9176,443.19
3821,443.13
11783,443.11
8258,442.98
5794,442.9
11259,442.74
19540,442.59
12190,442.5
14385,442.15000000000003
12083,442.04
48,441.99
3648,441.94
9576,441.83000000000004
5358,441.69
10449,441.6
12671,441.53999999999996
18245,441.47
5457,441.46000000000004
17634,441.44
5539,441.37
175,441.37
1214,441.15000000000003
2431,441.12
14240,441.07
11369,441.02000000000004
15002,440.99
19906,440.91
19445,440.86
16773,440.84000000000003
6053,440.5
8879,440.42999999999995
12989,440.41
3034,440.34999999999997
2386,440.22
12840,440.16999999999996
7707,440.16
2531,440.0
6231,439.85
15402,439.68
15262,439.64
14868,439.64
6557,439.44
19742,439.35
12637,439.3
1988,439.23
9157,439.2
2324,438.89000000000004
12524,438.84
11624,438.8
497,438.76
4395,438.69
12825,438.56
11275,438.54
7413,438.5
11870,438.45000000000005
4172,438.43
12127,438.3
819,438.28
2580,438.26
16504,438.17
14257,438.14
8127,437.97999999999996
8306,437.84
10126,437.83000000000004
3788,437.75
15701,437.65000000000003
16173,437.62
4888,437.55999999999995
18433,437.47
9345,437.26
12599,437.19
13382,437.14
7390,437.1
9488,437.07
6744,436.98
16720,436.8
3074,436.79
7478,436.65000000000003
17985,436.6
7203,436.59
1305,436.58
14007,436.57000000000005
2734,436.53999999999996
9961,436.49
9300,436.46000000000004
10035,436.46
773,436.4
15741,436.33
11167,436.29
5475,436.27
7596,436.14
3456,436.03000000000003
13980,435.83
12406,435.83
6433,435.80999999999995
14609,435.78999999999996
19528,435.64
12040,435.59000000000003
7967,435.53
839,435.28
659,435.18
8607,435.17999999999995
19258,435.11
4019,435.02
302,435.02
2605,434.98999999999995
4436,434.93
370,434.9
11761,434.81
8485,434.81
2105,434.79
1914,434.75
1725,434.74
15090,434.64
13648,434.59000000000003
12355,434.59
5704,434.56
10273,434.44
16620,434.40999999999997
7311,434.24
14656,434.15999999999997
6902,434.09000000000003
13109,434.07
6206,433.6
2843,433.53000000000003
18293,433.5
3850,433.48
2320,433.43
18047,433.23
8156,433.16
11837,433.1
18916,432.87
9687,432.65
536,432.58000000000004
10696,432.45
14653,432.43
2494,432.24
2908,432.21
9183,432.08000000000004
10666,431.96000000000004
7702,431.89
7495,431.85
5050,431.84000000000003
9591,431.73
13952,431.48
436,431.42999999999995
6119,431.41999999999996
7027,431.26
4536,431.19
474,431.03
12031,430.92
1497,430.91999999999996
16913,430.77
1262,430.77
4914,430.76
17045,430.71000000000004
13583,430.66999999999996
14308,430.65999999999997
4831,430.64
18411,430.5
14718,430.46000000000004
19590,430.4
16394,430.11
2302,430.09000000000003
2668,430.06
19336,429.99
10462,429.87
8860,429.79999999999995
2906,429.79999999999995
6868,429.71
74,429.62
18157,429.55
17253,429.53000000000003
15477,429.49
13261,429.45
9787,429.4
3956,429.37
18786,429.34
12353,429.32000000000005
14371,429.27
9586,429.04999999999995
17927,429.03
5743,428.91
14489,428.82
11470,428.46999999999997
18220,428.46
16260,428.40999999999997
11077,428.39
7895,428.38
11311,428.0
11898,427.96
17840,427.9
12766,427.74
8747,427.7
12801,427.55999999999995
13912,427.47
1968,427.36
13658,427.28999999999996
15355,427.28
1955,427.11
12100,427.08
703,427.01
16998,426.99
12813,426.90999999999997
19029,426.88
15315,426.85
1743,426.84
7120,426.78999999999996
14578,426.67
781,426.62
6787,426.58000000000004
5435,426.48
320,426.47
9810,426.45
1451,426.39
16658,426.37
15298,426.31
19585,426.28
8628,426.17
4411,426.17
7592,426.14
4192,425.95
15717,425.94
8351,425.92
18608,425.83
1530,425.82
14357,425.79999999999995
3459,425.74
13155,425.72
15686,425.69
5977,425.68
19184,425.68
8279,425.64
2919,425.54
17901,425.49
5555,425.46999999999997
9442,425.46000000000004
1665,425.45
12933,425.43
14046,425.41
9808,425.3
9228,425.18
6357,425.09000000000003
18636,424.98
9115,424.96999999999997
1382,424.87
10071,424.86
16107,424.79
15305,424.73
1052,424.62
2694,424.58
17198,424.53
18290,424.39
5188,424.38
18647,424.36
13171,424.23
3761,423.98
18358,423.97
4799,423.9
8045,423.86
17791,423.72
4364,423.63
17817,423.54
8151,423.48
3371,423.45000000000005
353,423.38
19085,423.37
11810,423.29
9398,423.24
15632,423.21
753,423.17
12615,423.10999999999996
2558,423.04999999999995
19645,422.97
19418,422.94
15480,422.90999999999997
16679,422.66
7063,422.62
12946,422.48
14955,422.4
969,422.34000000000003
17532,422.23
11687,422.22
10698,422.19000000000005
9860,422.1
11444,422.09000000000003
3257,422.01
14422,421.75
6268,421.72
19194,421.7
17746,421.69
11100,421.65
4708,421.64
15056,421.64
7813,421.36
9876,421.35
11030,421.32
992,421.26
8510,420.97
18073,420.93
2303,420.93
7073,420.91999999999996
18645,420.91999999999996
8874,420.87
15697,420.73
16923,420.67
16499,420.6
6973,420.15
7584,420.06
17059,419.71000000000004
16087,419.69
4438,419.63
9466,419.55999999999995
3829,419.49
4960,419.29999999999995
8480,419.28
16473,419.23
127,419.14000000000004
13175,419.14
6278,418.88
349,418.85
13185,418.83
12611,418.81
1824,418.75
10617,418.63
14241,418.5
9607,418.45
16230,418.25
2242,418.15999999999997
7343,417.98
19214,417.88
3833,417.88
2518,417.78
8448,417.65999999999997
12078,417.61
7139,417.6
6848,417.56
7582,417.54999999999995
17047,417.53000000000003
16272,417.39
19755,417.37
2811,417.33
10581,417.24
9164,417.18
14150,416.78
12648,416.61
9219,416.55
16319,416.29999999999995
8327,416.23
646,415.99
4623,415.95
7647,415.85
2130,415.8
3855,415.8
12678,415.67
17502,415.64
1553,415.49
11365,415.48
17689,415.47999999999996
16725,415.42999999999995
11052,415.41999999999996
16132,415.37
5554,414.92
7740,414.87
5098,414.73
13086,414.71
16763,414.63000000000005
7569,414.6
9103,414.54
15913,414.5
3292,414.27
3260,414.17
7930,414.15000000000003
12677,414.15
17176,414.15
420,414.11
4850,413.88
6797,413.88
16083,413.88
6770,413.78
17648,413.74
8069,413.70000000000005
6831,413.66
11132,413.61
19321,413.61
17669,413.53999999999996
4554,413.44000000000005
9468,413.44
3242,413.43
14336,413.39
11706,413.38
15656,413.35999999999996
5679,413.28
18232,413.26
19717,413.25
11268,413.1
14765,413.03000000000003
3740,413.0
14886,412.83
14687,412.81
10711,412.8
8580,412.68
5423,412.66999999999996
4073,412.56
4676,412.45
18845,412.34
5370,412.3
6019,412.01
8733,411.79999999999995
2462,411.78000000000003
7345,411.63
14627,411.62
5339,411.61
15814,411.60999999999996
17333,411.56
886,411.46000000000004
1386,411.44
917,411.36
5815,411.21
4494,410.94000000000005
1502,410.94
13249,410.83000000000004
14024,410.83
15281,410.61
2358,410.54999999999995
3256,410.40999999999997
2064,410.39
12562,410.37
19769,410.36
8484,410.19
14188,410.09000000000003
7866,409.9
3917,409.89
19157,409.81
5403,409.75
19416,409.73
288,409.71999999999997
17866,409.71
3303,409.53
143,409.47999999999996
1786,409.47
4953,409.3
3446,409.3
14766,409.12
13412,408.89
6241,408.78
6223,408.75
1601,408.73
5959,408.56
16765,408.53
12948,408.5
19014,408.46
2184,408.45
2827,408.42
8757,408.33
273,408.30999999999995
12480,408.18
7047,408.0
10803,407.91
18901,407.8
3556,407.78
13329,407.68
19566,407.66
6404,407.64
4492,407.61
4497,407.55
10532,407.52
5247,407.5
11465,407.47
11935,407.46
8328,407.4
17250,407.36
11054,407.32
5384,407.21999999999997
18345,407.21
17206,407.19000000000005
94,407.08
2699,407.0
12340,406.91999999999996
16607,406.9
9145,406.88
19182,406.82000000000005
19527,406.79
17462,406.63
19550,406.61
15863,406.57
13889,406.53
18730,406.52
16086,406.5
18836,406.39
13881,406.2
15274,406.14000000000004
3243,406.1
3284,406.01
13790,406.0
7965,405.92999999999995
4305,405.88
142,405.84000000000003
15387,405.77
13890,405.69
11970,405.65999999999997
14904,405.52
9506,405.43
504,405.38
11104,405.28
701,405.24
13902,405.19
2608,405.15
15532,404.97
15509,404.58000000000004
12656,404.48
12873,404.46
15580,404.28
12278,404.15999999999997
102,404.15
6943,404.13
15213,404.04999999999995
5744,404.0
3324,403.99
6240,403.84000000000003
16271,403.79
15283,403.75
13393,403.62
6531,403.42999999999995
5059,403.42
17077,403.34000000000003
18979,403.3
15279,403.28
12660,403.12
16718,403.12
15663,403.11
14011,403.07
13974,403.05
11428,403.02
1064,402.94
1354,402.85
19767,402.8
15938,402.75
3697,402.73
19374,402.71
2427,402.61
16460,402.57
15232,402.41999999999996
10326,402.27
1045,402.2
4722,402.09
18905,402.02000000000004
4143,401.97
1522,401.84000000000003
5506,401.8
3330,401.74
12493,401.72999999999996
2416,401.69
7048,401.68
18594,401.66
605,401.64
2237,401.55999999999995
8803,401.53
2314,401.5
8706,401.5
5559,401.48
13771,401.46000000000004
16836,401.34
5640,401.28
19203,401.25
8704,401.15999999999997
10146,401.13
7062,401.1
18097,401.09
10889,401.04
15912,400.91999999999996
15359,400.56
4533,400.54999999999995
8841,400.51
13003,400.41999999999996
12439,400.18
15706,400.1
2123,400.07
7770,400.03999999999996
7220,400.03
2257,399.95
11101,399.92
13879,399.83
10225,399.74
13336,399.74
10334,399.72999999999996
7523,399.69
2297,399.61
5868,399.54
7358,399.51
18560,399.45000000000005
19278,399.43
16129,399.42
19757,399.37
11005,399.34
17534,399.3
3202,399.29
19237,399.28
2065,399.02
18550,398.99
2572,398.9
10,398.85
17709,398.74
10048,398.72
2361,398.44
7884,398.41999999999996
10385,398.31
9288,398.31
9431,398.3
433,398.26
6976,398.25
2013,398.07
14991,397.7
3746,397.68
18691,397.66999999999996
7726,397.58
13057,397.5
107,397.49
8591,397.41999999999996
18189,397.37
7980,397.35
10104,397.31
3291,397.27
13470,397.26
7289,397.23
15846,397.20000000000005
15205,397.1
16088,397.05
8192,397.04
18620,396.96000000000004
7222,396.87
7078,396.81000000000006
14178,396.71999999999997
15220,396.53999999999996
19620,396.48
2110,396.4
1155,396.35999999999996
19190,396.14
15099,396.12
14359,396.1
3444,396.09000000000003
19006,396.0
12380,395.91999999999996
19122,395.9
12581,395.84
4271,395.78999999999996
10947,395.73
8384,395.64
15927,395.6
4137,395.59000000000003
19042,395.49
16651,395.44000000000005
6159,395.42
12131,395.35
15791,395.24
15093,395.2
19168,395.1
9060,394.97
5735,394.92
4015,394.9
9146,394.78000000000003
1340,394.73
7806,394.73
13517,394.71999999999997
10748,394.69
14399,394.69
10425,394.66999999999996
16694,394.61
17148,394.56
17868,394.54
12517,394.40999999999997
11358,394.39
12612,394.27
801,394.23
890,394.03000000000003
62,393.98
3406,393.97
11690,393.84999999999997
11603,393.84000000000003
10395,393.77000000000004
3015,393.74
8111,393.68
19399,393.59
964,393.53
8603,393.43
1977,393.41
16827,393.10999999999996
2247,393.05
12298,393.02000000000004
5588,392.98
17684,392.98
19819,392.88
6642,392.87
3458,392.84000000000003
2660,392.82
6195,392.73
14575,392.73
4010,392.73
6516,392.58
12222,392.54
15981,392.5
19319,392.36
11448,392.25
2452,392.24
16119,392.19
18760,392.03999999999996
764,392.03
3644,391.99
11368,391.93
18739,391.93
16393,391.88
18955,391.86
13474,391.76
13909,391.74
14633,391.71000000000004
8776,391.71
9816,391.66999999999996
4195,391.66999999999996
4803,391.6
6826,391.45
12242,391.43
11517,391.40999999999997
4488,391.37
6989,391.35
11154,391.33
2378,391.3
5032,391.29
15460,391.26
1193,391.19
14493,391.14
2554,391.03
1686,390.96000000000004
9375,390.88
14681,390.87
5389,390.76
3896,390.64
13897,390.53
2137,390.5
16740,390.48
6911,390.3
10510,390.21
3854,390.07
10141,390.0
16197,389.88
5307,389.86
12026,389.85
5543,389.84
9766,389.77
9411,389.7
1783,389.54
13059,389.44000000000005
1132,389.38
3309,389.32
1717,389.20000000000005
13776,389.18
13589,389.11
14109,389.07
3155,389.06
4042,389.0
12055,388.98
9881,388.94000000000005
18870,388.81
10942,388.79
19248,388.79
18452,388.73
11173,388.69
14054,388.65
3040,388.62
14623,388.47
2177,388.45
1347,388.37
11622,388.29
18216,388.21000000000004
16245,388.2
13822,388.06
3428,387.93
8865,387.76
17604,387.71000000000004
19075,387.70000000000005
13547,387.59
16851,387.59
16081,387.53000000000003
6263,387.48
6,387.40000000000003
12554,387.35
6994,387.2
8106,387.19
10152,387.14
15508,387.1
18951,387.08000000000004
3131,387.07
16316,386.99
15862,386.93
19076,386.93
18071,386.90999999999997
14647,386.78000000000003
6484,386.75
15605,386.73
5720,386.67999999999995
909,386.67
5212,386.64
4085,386.62
2754,386.58
5614,386.49
5702,386.42
19820,386.38
14632,386.36
19924,386.35
9660,386.3
15170,386.21
5470,386.15999999999997
14625,386.13
9895,386.11
12038,386.03
9093,385.96
6879,385.96
1033,385.90999999999997
3974,385.89
18795,385.82
19775,385.77
13529,385.71999999999997
4951,385.51
14005,385.41999999999996
8549,385.38
5561,385.36
19891,385.35
10593,385.34000000000003
593,385.30999999999995
5814,385.23
3934,385.23
7845,385.16999999999996
8649,385.05
11849,385.05
496,384.93
6190,384.64000000000004
12732,384.64
19117,384.63000000000005
17467,384.59000000000003
4482,384.44
14411,384.44
2781,384.4
10767,384.33
3212,384.29
17330,384.19
493,384.1
18854,384.05
12700,383.96
706,383.94
12495,383.93
1144,383.92999999999995
533,383.92999999999995
3405,383.9
7147,383.88
2990,383.86
12932,383.79999999999995
16049,383.78000000000003
12223,383.75
14071,383.75
5792,383.53
2090,383.49
1585,383.48
19980,383.43
4853,383.41999999999996
45,383.31
5826,383.29999999999995
10848,383.25
15544,383.12
13232,383.06
16329,383.02
6073,383.01
11421,383.0
9627,382.89
14907,382.86
1906,382.84
2189,382.78999999999996
6817,382.78
8084,382.75
1400,382.73
12587,382.69
6884,382.69
7125,382.66
3239,382.61
6617,382.61
19343,382.57
15202,382.43
5685,382.35
1678,382.34000000000003
5988,382.34
6148,382.16
9833,382.15
9281,382.09000000000003
4810,382.01
2198,381.98
19394,381.96000000000004
12317,381.9
12414,381.88
9742,381.83000000000004
12994,381.78
18223,381.76
15046,381.71
2362,381.64
14029,381.63
8904,381.59999999999997
10899,381.56
9841,381.46
11507,381.41999999999996
6941,381.34
16098,381.32000000000005
15903,381.25
19602,381.24
11542,381.11
8671,381.09999999999997
17453,381.08
3635,381.01
6876,381.01
7919,380.92
14,380.89
19788,380.89
15804,380.82
19916,380.81
451,380.80999999999995
5754,380.6
4573,380.54
19654,380.37
7764,380.28999999999996
3798,380.26
8794,380.21999999999997
19388,380.15999999999997
18132,380.14000000000004
8139,380.13
19188,380.05
2677,379.99
3343,379.84000000000003
5644,379.69
5143,379.59000000000003
8831,379.54
19639,379.48
163,379.41999999999996
12855,379.38
11391,379.37
3639,379.2
16480,379.19
5526,379.16999999999996
13430,378.72
12884,378.71
6436,378.63
5144,378.55
8402,378.51000000000005
13091,378.5
1875,378.48
8284,378.37
19064,378.32
13235,378.3
14082,378.25
14553,378.15
17020,377.97
13004,377.76
3282,377.7
3875,377.67999999999995
13258,377.63
8130,377.52
8636,377.51
13825,377.41
8934,377.17
11111,377.16
825,377.1
11227,377.01
16109,377.01
10526,376.94
16755,376.88
15665,376.75
8674,376.63
13370,376.57
16268,376.54999999999995
5897,376.52
14291,376.51
10909,376.51
4053,376.49000000000007
15744,376.40999999999997
9009,376.36
6745,376.26
1531,376.16999999999996
12382,376.14
5756,376.12
8663,375.85
16912,375.83
9786,375.82
7822,375.81
15848,375.81
11883,375.45
10662,375.44
10819,375.37
419,375.33000000000004
2363,375.33000000000004
13718,375.28000000000003
12489,375.1
507,375.01
777,374.9
10739,374.88
14248,374.79
11634,374.78999999999996
5074,374.78
10791,374.77
1509,374.71000000000004
19346,374.7
11997,374.68
1720,374.61
8596,374.61
15947,374.47
13436,374.44
7508,374.38
10026,374.38
590,374.37
2317,374.28999999999996
11604,374.20000000000005
9990,374.18
10778,374.16999999999996
5438,374.06999999999994
1005,374.0
13365,373.81
1630,373.77
17574,373.74
13031,373.68
6502,373.64
10056,373.58
4684,373.52
7535,373.25
1581,373.19000000000005
14965,373.14
11336,373.12
7202,372.8
2686,372.73
15416,372.63
19153,372.61999999999995
1049,372.59000000000003
11429,372.58
3652,372.55
10562,372.48
7472,372.38
286,372.36
16407,372.28999999999996
15061,372.21
4627,372.14
12918,372.08
9859,371.89
16843,371.87
595,371.78
14318,371.75
1311,371.72
1292,371.53999999999996
11832,371.42
11301,371.40999999999997
11675,371.39
189,371.33000000000004
17663,371.29
15612,371.19
15410,371.07
14994,371.03000000000003
5299,371.02
19164,371.0
3439,370.84
3800,370.82
12007,370.8
8555,370.71
5415,370.65
11010,370.53
12431,370.4
7860,370.16
7056,370.15
8531,370.14
9556,370.1
4446,370.08
7602,369.99
6112,369.8
6212,369.79999999999995
30,369.64
10514,369.52
19507,369.38
7498,369.11
4635,368.99
5264,368.86
16111,368.78999999999996
15878,368.70000000000005
17879,368.66999999999996
19714,368.66
12186,368.6
17539,368.58
12390,368.44
8750,368.4
481,368.36
13676,368.36
15239,368.35
9035,368.31
6327,368.26000000000005
1435,368.26
14266,368.24
14714,368.16
10636,368.15000000000003
10120,368.15
4775,368.14
1449,368.11
12982,368.09
19375,368.06
15084,368.04
14062,368.02
4158,368.02
1789,367.9
73,367.86
2815,367.63
19781,367.61
80,367.45000000000005
17125,367.42
18873,367.40999999999997
6612,367.4
6657,367.4
4868,367.4
13294,367.3
1223,367.23
11064,367.23
9320,367.19
7621,367.18999999999994
16914,367.15
10170,367.02
9030,366.86
19768,366.82000000000005
10443,366.82
2276,366.82
214,366.75
2507,366.59
13837,366.49
17754,366.49
16150,366.46
2798,366.39
10080,366.33
12051,366.32000000000005
6334,366.21
2197,366.01
5791,365.98
17064,365.95000000000005
19529,365.95
17449,365.83
5052,365.75
14456,365.74
6608,365.65999999999997
9087,365.53
17789,365.52
13377,365.46000000000004
19865,365.43
18085,365.38
19071,365.29
11482,365.23
8492,365.22
3210,365.14
10390,365.09000000000003
1113,365.06
5692,364.99
19789,364.91999999999996
18240,364.87
18094,364.85999999999996
4648,364.85
5525,364.84999999999997
2951,364.76
4975,364.67
15161,364.67
4752,364.67
15518,364.64
940,364.63
2621,364.57
500,364.54
651,364.51
8988,364.48
9489,364.45
18654,364.38
18479,364.37
12028,364.33000000000004
16269,364.33
5304,364.24
5039,364.24
9899,364.15999999999997
15395,364.13
13406,364.11
9196,364.08
19978,364.02
15081,364.0
9076,363.98
18985,363.97999999999996
17833,363.88
4329,363.88
11826,363.82
19926,363.82
4572,363.76
10842,363.73
10595,363.64
6548,363.62
12346,363.6
8962,363.33000000000004
863,363.23
17647,363.22
4568,363.19
19143,363.1
14573,363.01
2538,363.0
18803,362.97
10773,362.88
9208,362.88
7433,362.86
861,362.74
3276,362.48
6296,362.46000000000004
7208,362.45
8254,362.36
17768,362.32000000000005
78,362.26
15824,362.22
11736,362.16999999999996
11616,361.97
11071,361.96999999999997
3429,361.95
8995,361.8
1590,361.77
11389,361.76
1401,361.74
15690,361.7
18118,361.68
16830,361.65999999999997
665,361.61
2722,361.59000000000003
17338,361.51
5641,361.51
16685,361.49
2205,361.46000000000004
4654,361.44
9428,361.43
11955,361.43
6636,361.41
3427,361.36
7538,361.35
12675,361.33
11285,361.07
344,361.03
14934,360.94
10167,360.91
14552,360.84000000000003
16466,360.81
2565,360.78000000000003
8739,360.75
8935,360.71
4454,360.64
10268,360.6
18395,360.59999999999997
4024,360.57000000000005
10362,360.5
11922,360.48
14166,360.37
6854,360.28000000000003
15664,360.18
3669,360.17
10590,360.02000000000004
2108,360.0
16939,359.88
129,359.8
17305,359.76
12903,359.6
5806,359.59999999999997
4553,359.55
6737,359.39
2870,359.36
13397,359.29
9232,359.23
1308,359.15999999999997
7133,359.11
18800,359.11
7131,359.09000000000003
13051,359.05
12104,359.03999999999996
17908,359.03999999999996
13391,359.03
4020,359.0
10988,358.97
3714,358.96999999999997
1848,358.84000000000003
9913,358.84
13205,358.82
15980,358.8
9565,358.71
17073,358.66
18091,358.64
39,358.38
3938,358.31
15943,358.19
5274,358.1
15713,358.09
834,357.96999999999997
3608,357.94
1884,357.94
5226,357.93
16029,357.91
12977,357.83
7471,357.8
12530,357.77
7330,357.77
2864,357.74
8477,357.63
3039,357.61
13666,357.6
5419,357.59000000000003
9317,357.52
19551,357.48
7594,357.40999999999997
1685,357.39
6927,357.26
4340,357.26
13301,357.24
15666,357.17
18023,357.16999999999996
744,357.1
4045,357.04
2880,356.98
14244,356.94
5549,356.93
19721,356.91999999999996
19030,356.90000000000003
18558,356.9
565,356.78000000000003
583,356.66
15630,356.62
14265,356.51
11464,356.31
11707,356.1
12464,356.08
1999,355.98
15572,355.85
17856,355.73
4027,355.72
14141,355.55
16751,355.53
9056,355.48
3611,355.47
9745,355.26
10199,355.26
18121,355.25
15842,355.22
12300,355.2
1433,355.12
1850,354.96
8994,354.78999999999996
11406,354.77
7855,354.71
14675,354.52
7798,354.4
1751,354.4
1851,354.34000000000003
12234,354.33
7365,354.26
7506,354.20000000000005
5284,354.07000000000005
13614,354.06
15341,354.05
2957,353.99
17298,353.93
19715,353.8
10030,353.78
2390,353.76
15590,353.76
18440,353.74
900,353.73
12748,353.71000000000004
4156,353.69
3637,353.69
4637,353.69
4004,353.68
734,353.59999999999997
6755,353.52000000000004
4581,353.44
5652,353.39
15806,353.38
19303,353.31
14764,353.25
9371,353.22
9560,353.15
5153,353.09000000000003
16486,353.08000000000004
7042,353.08000000000004
12373,352.8
4907,352.71
16434,352.65
11256,352.63
6185,352.58
15890,352.57
2266,352.56
9630,352.56
11697,352.54
3604,352.47
488,352.45
5995,352.41
6377,352.41
17140,352.25
9445,352.2
14899,352.14
15621,352.11
2430,352.08
12883,352.05
13444,352.05
5257,352.02
19224,351.82
9126,351.75
7905,351.73
13593,351.67
19931,351.63
16921,351.62
55,351.59
11124,351.54
7809,351.49
8263,351.44
18049,351.32
19653,351.32
13520,351.28999999999996
17753,351.25
18639,351.25
12150,351.24
12631,351.19
813,351.14
10656,351.04
13948,351.03
1923,350.95
17973,350.93
13833,350.92
5643,350.89
8922,350.69
17053,350.59
10592,350.58
9879,350.47999999999996
9336,350.47
18782,350.42
19176,350.36
5097,350.26
11471,350.23
540,350.04
15922,349.98
14554,349.96000000000004
8083,349.86
13770,349.85
17043,349.84000000000003
1215,349.75
11805,349.65999999999997
6556,349.59000000000003
4081,349.53
17114,349.35
8985,349.27
4535,349.09000000000003
10249,348.99
7392,348.92
4044,348.91999999999996
5170,348.83
11107,348.77
7968,348.74
11070,348.7
457,348.7
3005,348.47
13187,348.45
7432,348.39
2077,348.31
1716,348.25
305,348.22
8850,348.11
8688,347.96
15019,347.92
11281,347.90999999999997
3939,347.90999999999997
4246,347.83
7399,347.76
315,347.73
11586,347.71000000000004
14292,347.63
12060,347.6
19696,347.58
9359,347.54999999999995
2085,347.54
3816,347.43
3468,347.33
10469,347.24
16221,347.17
15248,347.02
6104,346.99
14407,346.98
7389,346.96
7215,346.87
16538,346.83
728,346.81
8342,346.8
2804,346.77000000000004
1263,346.71000000000004
19824,346.67
7733,346.65
14861,346.64
15072,346.6
2325,346.58
7155,346.55
16846,346.51
1970,346.46000000000004
18591,346.44
13466,346.44
2193,346.42
3018,346.37
7777,346.34
9391,346.27
2820,346.25
13575,346.25
7650,346.15999999999997
16171,346.09000000000003
11401,345.89
10641,345.81
16981,345.76
3751,345.72
9296,345.63
3241,345.6
7928,345.6
13334,345.58
18642,345.58
16672,345.57
5334,345.55
495,345.51
10604,345.5
3314,345.48
8281,345.38
9949,345.37
9748,345.35
5746,345.34
6302,345.19
2347,345.12
17656,345.08
15896,345.03
5135,344.86
12135,344.81
3466,344.70000000000005
1313,344.69
9348,344.5
9941,344.43
92,344.28
3750,344.23
4064,344.15
18631,344.07
10333,344.0
772,343.99
19362,343.85
4939,343.65999999999997
10153,343.51
7666,343.49
12375,343.38
14379,343.32000000000005
15194,343.25
17910,343.24
6145,343.07
15340,343.04
15512,342.99
6504,342.96
4134,342.95
4122,342.89
15269,342.66
6605,342.63
15528,342.6
17058,342.49
9117,342.42
5206,342.37
17891,342.37
6572,342.27
10049,342.26
9589,342.25
14133,342.24
9177,342.22999999999996
11249,342.18
17717,342.15
11051,342.1
10953,341.81
1924,341.8
824,341.66999999999996
4202,341.5
1668,341.47
6287,341.42
864,341.40999999999997
14041,341.37
6355,341.26
18976,341.03999999999996
2693,340.86
19232,340.82
3037,340.69
19209,340.65999999999997
2057,340.65
14484,340.63
13785,340.6
2828,340.52
17788,340.4
13869,340.35
11485,340.34
459,340.08000000000004
3067,340.03
19880,340.02
1814,339.96999999999997
9778,339.92
16168,339.85
18844,339.81
14891,339.61
8421,339.55
13784,339.53999999999996
19433,339.40999999999997
11829,339.35
654,339.24
9079,339.21
14225,339.16
12338,339.13
15080,338.86
3126,338.8
9775,338.71000000000004
12715,338.65999999999997
17872,338.61
12291,338.59999999999997
10119,338.53
19095,338.51
2855,338.5
11497,338.41
5836,338.28
4200,338.11
10508,338.1
18569,338.0
18154,337.96999999999997
8785,337.94
4124,337.75
842,337.66
14664,337.61
18430,337.56
1488,337.52
19747,337.49
3735,337.48
14815,337.38
17665,337.37
635,337.37
14811,337.37
11889,337.33
14572,337.32
13462,337.32
5072,337.1
2067,336.93
6506,336.89
19777,336.86
1503,336.85
3680,336.75
17263,336.68
11856,336.52
6699,336.52
15812,336.49
15095,336.49
2602,336.37
2936,336.36
1554,336.26
5967,336.23
16978,336.19
5162,336.13
3962,336.02
14491,335.98
14849,335.97
4285,335.92
15368,335.84999999999997
5894,335.78999999999996
15953,335.78999999999996
13611,335.74
11537,335.68
13746,335.67
18063,335.64
10178,335.6
19244,335.59000000000003
9062,335.58
11620,335.52000000000004
5820,335.5
2787,335.47
15596,335.40000000000003
207,335.36
13886,335.22999999999996
12555,335.12
14298,335.04
1194,335.04
2760,335.03000000000003
15244,335.02000000000004
81,334.91999999999996
1841,334.81
7025,334.53
8863,334.49
16353,334.43
615,334.41999999999996
354,334.27
14110,334.26
3266,334.25
18732,334.16
6641,334.14
10132,334.07
17637,334.04999999999995
16666,333.99
6087,333.93
6568,333.82000000000005
18841,333.79999999999995
8415,333.72
13855,333.71
15673,333.69
10544,333.68999999999994
1272,333.63
14036,333.56
14144,333.56
11699,333.54999999999995
5420,333.48
16613,333.46999999999997
2552,333.42
18603,333.41
19949,333.38
3943,333.38
2897,333.34000000000003
9023,333.33
14466,333.28
2246,333.21999999999997
2706,333.19
9138,333.14
4590,333.09
2646,333.06
15944,333.03000000000003
1635,333.01
16951,332.96
11411,332.96
18890,332.93
18831,332.88
16358,332.84
15357,332.82
1747,332.78
9969,332.76
4318,332.75
11390,332.6
19630,332.6
3463,332.58
8615,332.54
10496,332.52
15448,332.34000000000003
10950,332.25
19595,332.25
3718,332.21
12561,332.2
18078,332.14
16805,332.06
4376,332.03000000000003
8680,331.99
5485,331.79999999999995
10301,331.73
3568,331.66999999999996
3388,331.62
6418,331.59
6299,331.54
11073,331.54
5762,331.51
17925,331.5
15189,331.45
4935,331.42
16278,331.24
2134,331.19
19093,331.15000000000003
19903,331.08
18714,331.02
10982,331.0
6915,330.81
17212,330.8
11953,330.78
2909,330.73
2851,330.62
322,330.42
16891,330.40000000000003
17678,330.3
19749,330.26
9619,330.21
14533,329.91999999999996
17054,329.89
15151,329.88
6508,329.86
8882,329.86
18083,329.82
17406,329.75
18304,329.71999999999997
19495,329.65000000000003
18651,329.65
9243,329.53
12243,329.52
4993,329.5
5801,329.42
9670,329.38
1022,329.33
552,329.31
17070,329.23
3745,329.21
16498,329.15
5254,329.13
16532,329.01
9170,328.95
17826,328.86
2349,328.83
5439,328.78999999999996
5745,328.77
19854,328.68
17226,328.66
10481,328.65999999999997
599,328.52
6839,328.43
14192,328.4
18500,328.32
4339,328.31
18528,328.29
8295,328.25
16142,328.21
9590,328.2
18665,328.15000000000003
18662,328.13
7819,328.11
1222,328.07
6127,328.04999999999995
19615,328.02
4043,327.85
15374,327.75
10605,327.74
15511,327.73
10992,327.73
3512,327.7
9252,327.66
18319,327.63
4449,327.63
17865,327.48
1567,327.35
1478,327.32
18784,327.28
18135,326.99
4078,326.96000000000004
13887,326.89
2256,326.83000000000004
657,326.79
17690,326.79
17745,326.73
11029,326.72
17681,326.7
6419,326.6
10427,326.52
16242,326.5
17240,326.45000000000005
10477,326.35
9991,326.32
13678,326.2
16440,326.12
5231,326.08
1932,326.02
775,326.02
4977,325.93
9965,325.79
997,325.78000000000003
10356,325.76
16102,325.69
18002,325.67
15840,325.65
14032,325.59
157,325.46
8764,325.45000000000005
9664,325.40000000000003
5002,325.37
880,325.31
19921,325.23
16737,325.07
19435,325.07
6193,325.03
1677,325.02
19841,324.96
3403,324.94
3368,324.9
5578,324.83
13993,324.73
18428,324.72
18431,324.65
5712,324.63
12575,324.59
11125,324.53000000000003
6570,324.37
5969,324.35
15169,324.31
18165,324.24
10057,324.21999999999997
3294,324.17
6167,324.14
105,324.03
18768,324.02
8567,323.89
13766,323.79
19663,323.78999999999996
19037,323.61
10878,323.52
1883,323.5
4307,323.46999999999997
10987,323.45
10810,323.38
1178,323.24
6651,323.13
485,323.09999999999997
11974,323.0
2929,322.95000000000005
10717,322.87
3426,322.82
6211,322.81
7872,322.57
16384,322.45
264,322.40000000000003
19866,322.4
15854,322.36
4022,322.36
8133,322.27
4185,322.25
12544,322.17
14340,322.07
1656,322.06
13998,321.96000000000004
13055,321.96
17402,321.96
4999,321.96
2685,321.83
11181,321.65000000000003
15682,321.63
12239,321.61
1440,321.55
11950,321.55
8790,321.42
15899,321.36
270,321.34000000000003
10411,321.33000000000004
2442,321.25
14002,321.23
2938,321.22
790,321.15
19616,321.12
4859,321.09000000000003
18211,321.09
477,321.01
16024,320.96
3117,320.93
12520,320.9
4119,320.87
15736,320.82
1125,320.79
18666,320.79
15322,320.77
16162,320.77
10215,320.7
19913,320.65
1260,320.59
7492,320.46
14111,320.41
16318,320.39
1609,320.36
8460,320.19
17561,320.18
5111,320.18
3499,320.11
4236,320.1
3526,320.08
9747,320.03
16682,320.0
1942,319.76
2784,319.55
2711,319.54999999999995
13794,319.51
14431,319.23999999999995
5694,319.2
19365,319.12
8372,319.06
25,318.95
3217,318.8
15911,318.78999999999996
13901,318.77
17223,318.71000000000004
15704,318.71
3868,318.65000000000003
9972,318.64
12240,318.61
14983,318.56
4485,318.44
13360,318.38
4145,318.33
7171,318.2
8081,318.19
11255,318.19
11598,318.19
12618,318.13
3996,318.06
6586,318.05
13523,318.03999999999996
4820,318.01
13700,317.99
19614,317.94
16837,317.93
5571,317.88
11139,317.81
7748,317.78
16790,317.64
19973,317.62
15228,317.6
1845,317.57
12836,317.57
5412,317.49
12191,317.46000000000004
8835,317.46
5574,317.40999999999997
1933,317.29
2437,317.26
13755,317.24
16547,317.17
8780,317.15999999999997
16313,317.14
8034,317.14
16490,317.09
1143,317.01
15440,316.93
9863,316.78999999999996
14377,316.77
19462,316.72
19532,316.68
8257,316.65
19469,316.64
11556,316.63
5798,316.63
10930,316.58
17022,316.57
5263,316.48
907,316.46
7033,316.43
10794,316.4
10073,316.4
14679,316.36
8832,316.31
5821,316.26
17015,316.26
11512,316.26
11374,316.26
10421,316.24
5710,316.19
19109,316.03999999999996
17824,315.92
9813,315.9
15762,315.76
13848,315.71
9601,315.70000000000005
12053,315.62
17480,315.57
9713,315.54
2649,315.53
6496,315.49
7051,315.38
1209,315.37
2329,315.35999999999996
9838,315.34000000000003
11085,315.28
4621,315.28
11372,315.15
1811,315.08
17418,315.08
9651,315.03
18016,314.98
2955,314.93
6602,314.88
1620,314.88
3859,314.79
3234,314.79
9804,314.73
8583,314.72
17050,314.71999999999997
14094,314.64
18677,314.64
2172,314.45
14425,314.38
2499,314.26
4209,314.24
2480,314.18
13591,314.01
5604,313.99
10796,313.96
18270,313.89
3799,313.87
4973,313.82
7121,313.81
6844,313.79999999999995
14937,313.77
9362,313.71
16589,313.62
5375,313.61
14650,313.61
13196,313.48
16698,313.47
15830,313.43
11490,313.41
19379,313.35999999999996
11237,313.32
15536,313.26
9987,313.2
17847,313.18
14915,313.17
9242,313.12
5895,313.01
7370,312.97
15177,312.86
8619,312.84999999999997
14123,312.79999999999995
9968,312.7
12767,312.68
8334,312.64
2889,312.58000000000004
2999,312.56
19412,312.54
4757,312.53
12965,312.48
12755,312.46999999999997
12505,312.46999999999997
8329,312.45000000000005
8676,312.39
17606,312.38
2520,312.3
8548,312.26
5966,312.2
15461,312.15000000000003
18128,312.05
15564,311.99
3333,311.99
3107,311.98
12820,311.95
66,311.93
6461,311.9
12009,311.9
12366,311.85
13618,311.83000000000004
10765,311.81
5550,311.72
4679,311.67999999999995
4974,311.65
15452,311.56
15781,311.5
6082,311.45000000000005
9171,311.41999999999996
4133,311.39
8809,311.38
9251,311.21999999999997
14555,311.20000000000005
14134,311.17
18512,311.15
2376,311.0
7193,311.0
11600,310.94000000000005
19255,310.94
19859,310.86
16453,310.76000000000005
14592,310.75
16054,310.75
6138,310.70000000000005
10221,310.69
11035,310.65
5590,310.63
2626,310.56
9353,310.5
19851,310.45
19229,310.44
18212,310.34000000000003
7425,310.32
7757,310.23
9826,310.22
12181,310.22
8434,310.19
2931,310.16
896,310.15999999999997
16734,310.15
531,310.08000000000004
6134,309.97999999999996
8801,309.94
3736,309.90999999999997
16842,309.90999999999997
3384,309.75
12443,309.70000000000005
7593,309.67
11631,309.64
12022,309.56
15548,309.52
19484,309.49
2581,309.42
16423,309.32
14132,309.28
545,309.25
9439,309.12
17548,308.97
17217,308.89
14598,308.85
1803,308.85
12923,308.82
4653,308.77
2885,308.75
14550,308.71000000000004
18637,308.7
2120,308.68
17578,308.58
12451,308.57
16899,308.44
4295,308.44
5405,308.42
5587,308.40999999999997
2203,308.40000000000003
10758,308.38
11009,308.21000000000004
8946,308.2
4471,308.19
3555,308.03999999999996
9732,308.03
12887,307.99
2689,307.91
19074,307.89
15974,307.87
16438,307.82
1652,307.8
2073,307.74
1062,307.71
14380,307.69
16971,307.67
691,307.62
2943,307.6
11635,307.57
562,307.53
218,307.51
7614,307.51
8900,307.49
5664,307.42
3153,307.32
14883,307.31
18080,307.25
16084,307.21
3038,307.17
9663,307.14
10262,307.12
17890,307.1
1500,307.0
16997,306.99
6774,306.95
19253,306.94
15588,306.93
13818,306.90999999999997
16690,306.9
7028,306.85
17857,306.84999999999997
5342,306.76
19104,306.75
16883,306.69
9119,306.65
14501,306.64
14103,306.57
6482,306.55
18185,306.5
13657,306.21999999999997
484,306.15000000000003
76,306.15
4659,306.13
707,306.03
999,305.88
10775,305.87
9602,305.76
2966,305.76
15760,305.71
10325,305.70000000000005
2294,305.65
17918,305.44
426,305.43
1254,305.42
15429,305.38
5733,305.33000000000004
10685,305.33
9897,305.31
4925,305.26
16866,305.23
3299,305.23
19989,305.11
12937,305.07
7135,305.03
7945,304.96000000000004
13297,304.95
2068,304.92
2167,304.91
10248,304.83
17651,304.82
1827,304.78000000000003
12045,304.76
6682,304.73
14877,304.69
8418,304.51
19814,304.49
18475,304.49
4342,304.46
846,304.38
4112,304.21999999999997
14105,304.19
1935,304.18
18817,304.15999999999997
8071,304.13
11700,304.1
19987,304.08
9393,304.05
1368,304.01
18364,304.0
11385,303.97
13847,303.88
16888,303.86
4477,303.81
5739,303.75
9309,303.74
8630,303.65
5016,303.61
11043,303.53000000000003
4150,303.37
17478,303.34
5761,303.33
2456,303.31
18235,303.14
11824,303.13
2991,303.13
9933,302.9
10059,302.89
14975,302.74
13913,302.72
9151,302.62
2805,302.62
8017,302.56
16396,302.56
17888,302.51
2399,302.51
8078,302.51
18731,302.41999999999996
15036,302.35
2054,302.35
17509,302.32
5523,302.3
4625,302.06
872,302.0
19847,301.90999999999997
7410,301.84000000000003
5775,301.84
13546,301.80999999999995
5507,301.75
7709,301.71000000000004
16748,301.69
15629,301.66
817,301.63
9136,301.6
8362,301.57
6316,301.52000000000004
4501,301.4
5830,301.31
6364,301.31
5601,301.27
7721,301.16999999999996
19332,301.14
12927,301.14
11247,301.11
1036,300.94
14956,300.93
10397,300.61
15468,300.59
17524,300.56
13779,300.5
3350,300.44000000000005
3977,300.34
2420,300.31
9311,300.28
7970,300.25
8818,300.2
1023,300.15
2721,300.14
18737,300.13
3870,300.03
6275,300.03
3918,300.01
19013,299.94
8251,299.93
17033,299.9
732,299.9
6857,299.88
8847,299.83
17269,299.79
6083,299.77
18410,299.57
14785,299.51
19637,299.5
3502,299.43
3661,299.33
19081,299.33
6126,299.26
16430,299.23
13911,299.23
14942,299.2
8321,299.19
9836,299.18
19103,299.15
5697,299.1
19661,299.04
12019,298.97
8951,298.92
598,298.85
14441,298.83000000000004
6573,298.78
14528,298.67
3008,298.65
10505,298.63
692,298.52
11123,298.51
18338,298.49
2403,298.27
6235,298.25
9557,298.16
1710,298.02
2009,298.01
11554,297.98
13853,297.94
4391,297.92
5022,297.88
11744,297.87
15591,297.83
968,297.73
14772,297.73
4203,297.72
18242,297.7
3232,297.7
5065,297.56
17158,297.53
100,297.38
10832,297.37
13585,297.36
17448,297.11
19793,297.06
5789,296.97
11019,296.97
12991,296.97
733,296.94
14433,296.87
9710,296.76
15069,296.76
663,296.75
14126,296.75
1471,296.75
1253,296.71
3869,296.68
15746,296.66
19277,296.6
3563,296.59000000000003
8784,296.54
13030,296.5
14366,296.48
31,296.48
5696,296.48
6606,296.46000000000004
2308,296.40999999999997
19247,296.34
13364,296.3
1048,296.3
1604,296.28000000000003
10351,296.13
8675,296.12
1892,296.11
5928,296.1
4258,296.06
11338,296.05
15836,296.04999999999995
1712,295.98
14473,295.94
4365,295.89
10053,295.87
6368,295.85
18124,295.81
18050,295.71
8655,295.7
19009,295.68
859,295.66999999999996
4663,295.65
17089,295.61
9724,295.6
3602,295.47
17493,295.46
12073,295.44
18256,295.4
15478,295.29
19434,295.23
8173,295.13
4441,295.1
13320,294.99
13115,294.89
17414,294.83
7378,294.82
4430,294.81
10740,294.8
11749,294.79999999999995
8225,294.78
10302,294.66
1128,294.66
7796,294.63
16721,294.58
7058,294.55
5585,294.52
4560,294.48
18939,294.46
19423,294.45000000000005
8722,294.31
11394,294.26000000000005
10124,294.23
5594,294.14
6954,294.13
12741,294.11
16743,294.05
15934,294.05
3634,293.92999999999995
19008,293.90000000000003
2681,293.85
165,293.82
12144,293.78999999999996
952,293.71000000000004
15844,293.61
5444,293.61
16080,293.49
19920,293.46999999999997
166,293.41999999999996
18365,293.41
13440,293.39
11612,293.25
2968,293.24
6475,293.24
14084,293.2
4163,293.09000000000003
14000,293.06
19740,293.05
7811,292.98
12817,292.91999999999996
3175,292.89
15631,292.84000000000003
11632,292.82
2782,292.8
10239,292.76
6783,292.75
11290,292.72
6936,292.67
14023,292.53
10329,292.33
16023,292.29
10203,292.27
11034,292.22
1773,292.12
5168,292.12
5973,292.12
11610,292.04
11963,291.99
14078,291.97
12849,291.95
15286,291.93
8949,291.93
8819,291.92
4665,291.81
18506,291.8
17589,291.75
2454,291.61
6988,291.55
5158,291.45
8237,291.4
4614,291.4
14669,291.33
11326,291.33
12560,291.31
2155,291.26
4981,291.26
955,291.19
11513,291.18
18827,291.11
8283,290.93
9791,290.87
12512,290.87
4424,290.78
3489,290.78
14778,290.67
17831,290.65
2443,290.59
3579,290.55
13310,290.48
12294,290.42
14498,290.37
13160,290.32
16608,290.27
352,290.25
3913,290.09
6269,290.01
3112,289.96
4611,289.94
11582,289.91
4186,289.89000000000004
2061,289.87
4858,289.85
8450,289.78
3645,289.74
9919,289.68
4194,289.67
572,289.64
13955,289.62
10186,289.58000000000004
19552,289.53
9175,289.42
14008,289.33
4704,289.33
17621,289.24
15574,289.2
8101,289.11
14614,289.08000000000004
16492,289.05
19791,289.04
9800,288.97
6041,288.86
13201,288.76
11656,288.74
11041,288.67
14436,288.65
8976,288.64
16875,288.63
18616,288.58000000000004
13422,288.56
16187,288.53000000000003
9419,288.5
5905,288.48
61,288.46999999999997
1714,288.37
12324,288.34
19806,288.25
13424,288.17
2930,288.15999999999997
8152,288.15
15175,288.15
7277,288.13
5563,288.09
16009,287.9
8122,287.88
19282,287.85
5093,287.81
11020,287.73
16314,287.72999999999996
4892,287.72
18778,287.68
14618,287.52
17912,287.5
12522,287.47
4669,287.39
11395,287.38
18663,287.37
14803,287.31
1319,287.11
5490,287.09
19679,286.98
18973,286.97
3757,286.97
12931,286.83
15257,286.82
1805,286.82
14922,286.76
16133,286.6
14852,286.58000000000004
5434,286.49
5092,286.46
9649,286.4
16326,286.39000000000004
8839,286.37
11903,286.24
6523,286.2
12796,286.15999999999997
2757,286.14
5443,285.98
17271,285.94
11910,285.82
8789,285.82
9344,285.8
1534,285.69
1618,285.66
11894,285.56
6160,285.48
6979,285.48
7340,285.46000000000004
16472,285.46
9137,285.43
7366,285.4
16,285.4
1611,285.37
9350,285.35
8146,285.34
14230,285.31
16025,285.15
11648,285.15
17620,285.04999999999995
13548,284.89
7627,284.87
11924,284.87
18179,284.76
11432,284.73
3768,284.73
13363,284.72
11312,284.63
14919,284.44
15079,284.43
9809,284.36
6434,284.34
3255,284.32
238,284.27
16266,284.24
10750,284.18
14375,284.15999999999997
17861,283.99
13803,283.98
7281,283.98
5021,283.94
1170,283.89
18301,283.84
15885,283.82
10966,283.8
4396,283.78
14547,283.74
18902,283.73
9047,283.54
8576,283.52
13903,283.5
13102,283.49
5767,283.43
3909,283.43
1696,283.36
18352,283.19
1383,283.12
14114,282.91
2485,282.9
1902,282.87
1667,282.87
5608,282.87
15810,282.85
19822,282.85
15253,282.79
10148,282.78000000000003
18039,282.77
11514,282.65
9776,282.61
14668,282.56
19655,282.51
19148,282.5
18040,282.5
7573,282.40999999999997
13921,282.39000000000004
18733,282.36
3901,282.36
18541,282.35
4687,282.34000000000003
4353,282.29
10118,282.26
13838,282.08
3395,282.08
12295,281.96
17761,281.96
8836,281.90000000000003
2449,281.88
17275,281.71999999999997
4434,281.70000000000005
14690,281.7
2214,281.68
16865,281.65
5171,281.6
18777,281.27
10491,281.25
13322,281.22
5103,281.19
10484,281.13
6734,281.12
2513,281.1
11392,280.99
11330,280.97
15255,280.94
15384,280.88
18576,280.69
10680,280.64
19807,280.6
16018,280.59
14748,280.57
4147,280.53
9588,280.48
6765,280.47
17308,280.43
10274,280.43
832,280.37
4717,280.36
5209,280.34
11109,280.34
1256,280.29
18327,280.25
13587,280.23
14474,280.22
797,280.22
9893,280.2
17742,280.19
12787,280.09000000000003
17010,280.09000000000003
9497,280.03999999999996
18169,280.02
7482,279.98
18860,279.92
16571,279.88
6815,279.88
4,279.86
15793,279.83
17476,279.78
7665,279.72
17458,279.69
2252,279.66999999999996
8457,279.61
16017,279.47
16219,279.4
2459,279.32
4677,279.25
5455,279.24
10993,279.2
4322,279.2
8290,279.09000000000003
3230,279.07
1607,279.07
16198,279.05
10448,279.03
2183,279.0
6499,278.88
14347,278.78999999999996
1150,278.77
14630,278.77
6603,278.77
3595,278.74
1852,278.71
13629,278.66
10447,278.65000000000003
11305,278.63
14180,278.57
15867,278.57
10624,278.56
16062,278.54
10023,278.53
3410,278.52
3270,278.5
3511,278.44
5364,278.39
7751,278.38
17863,278.35
17257,278.34
938,278.32
3824,278.3
9148,278.28999999999996
6174,278.28000000000003
9533,278.26
97,278.23
19825,278.18
15187,278.16
13467,278.13
1603,278.03
16040,277.99
9555,277.86
14739,277.82
13560,277.82
4132,277.82
11269,277.72
15317,277.7
17702,277.68
5446,277.65
13946,277.55
11183,277.53
1623,277.47
4374,277.43
5848,277.38
5229,277.34999999999997
6871,277.34
17336,277.31
3684,277.31
11724,277.24
17720,277.14
15403,277.06
18568,277.02
11018,276.88
14409,276.82
761,276.69
14712,276.6
15782,276.57
16297,276.55
1339,276.52
10634,276.5
977,276.42
18548,276.4
13702,276.38
9501,276.36
15880,276.32
3613,276.31
18060,276.3
3784,276.29
5926,276.24
13655,276.2
8732,276.15
18418,276.15
14542,276.14000000000004
16097,276.1
10937,276.03999999999996
8705,276.03000000000003
9123,275.96999999999997
9247,275.94
3355,275.91
5211,275.86
6983,275.77
16287,275.77
7000,275.77
14535,275.74
16495,275.69
3893,275.66
8022,275.66
10863,275.6
11161,275.58000000000004
525,275.5
14913,275.49
12885,275.4
15584,275.39
10144,275.38
17515,275.35
5030,275.35
15110,275.34000000000003
206,275.33
11530,275.31
17543,275.29999999999995
9234,275.21000000000004
13431,275.21000000000004
3605,275.18999999999994
1457,275.13
15889,275.12
5101,275.08000000000004
13949,275.07
18163,274.99
8453,274.87
1172,274.83000000000004
1015,274.82
15928,274.8
12014,274.78000000000003
7455,274.78
18991,274.7
19142,274.68
15058,274.63
18688,274.6
19965,274.58
7347,274.53
8853,274.46
3047,274.44
2176,274.39
11890,274.38
2471,274.37
14908,274.37
13817,274.35
19582,274.33000000000004
4988,274.31
19984,274.19
6084,274.15999999999997
11850,274.15
14021,274.15
12332,274.13
19676,274.12
18408,274.07
3946,274.04
13627,274.04
257,274.03
10060,273.99
15920,273.95
10916,273.95
11075,273.93
12533,273.87
1355,273.83
5131,273.7
6700,273.65
16709,273.65
1282,273.63
9999,273.62
12401,273.6
5580,273.56
14408,273.54
6071,273.54
11816,273.51
4608,273.5
14617,273.49
17447,273.43999999999994
645,273.41
17249,273.40999999999997
8713,273.37
9249,273.37
17001,273.37
8617,273.32
11702,273.31
17556,273.28999999999996
11669,273.25
11050,273.2
14997,273.18
15350,273.16
4473,273.09
6237,273.02
6600,273.02
14737,272.99
1640,272.97
10567,272.96000000000004
15644,272.90999999999997
4312,272.89
6036,272.88
14481,272.88
12462,272.88
5243,272.82
4558,272.78
19935,272.76
17202,272.75
17878,272.75
6604,272.65999999999997
8341,272.64
11417,272.63
10154,272.62
4818,272.61
5372,272.57
1324,272.54999999999995
13308,272.53999999999996
7651,272.52
3265,272.5
4633,272.43
2066,272.39
2426,272.32
6810,272.32
16007,272.27
2892,272.19
19519,272.14
19239,272.09
12967,272.07
9276,272.06
5753,272.04999999999995
15417,272.02
2315,271.96999999999997
17279,271.95
17698,271.95
7161,271.93
17329,271.86
3219,271.86
16728,271.76
9415,271.59000000000003
15408,271.57
4727,271.55
6246,271.39
17432,271.34
5,271.28999999999996
6131,271.19
4622,271.15999999999997
15582,271.09000000000003
5724,271.09
431,271.08000000000004
15526,271.02
629,271.02
5006,271.0
18791,270.98999999999995
660,270.98
385,270.92
11881,270.91
5579,270.9
2124,270.78
4976,270.76
1734,270.76
279,270.7
7940,270.69
2405,270.67
15129,270.64
16583,270.55
12808,270.51
11303,270.51
12305,270.51
13533,270.4
18320,270.33000000000004
19368,270.33
19599,270.28
8759,270.28
3481,270.27
14522,270.26
2312,270.24
9578,270.16
15176,270.13
1793,270.02
9211,269.88
1037,269.86
18648,269.84
16548,269.83
2160,269.78999999999996
4982,269.73
19985,269.69
18250,269.63
12621,269.5
7862,269.46000000000004
19126,269.43
19948,269.28999999999996
18862,269.25
7810,269.21999999999997
13850,269.2
12381,269.17
15986,269.15
13975,269.12
16156,269.09999999999997
12409,269.07
10503,269.07
17423,269.06
1096,269.01
19640,268.98
17392,268.95
1644,268.93
12765,268.9
14049,268.86
7511,268.84
7894,268.83
18255,268.81
5950,268.71999999999997
4666,268.65999999999997
18066,268.55
10041,268.51
5651,268.49
12622,268.34000000000003
763,268.32
13857,268.32
718,268.3
146,268.28999999999996
1996,268.2
1974,268.2
5581,268.18
9981,268.12
17348,268.09000000000003
4743,268.09
19538,267.96999999999997
9770,267.94
12043,267.92
15292,267.72
2996,267.65
8035,267.65
9734,267.63
15100,267.6
1576,267.58000000000004
2523,267.58
14745,267.58
18990,267.57
14125,267.49
17732,267.48
3389,267.46
2501,267.39
16207,267.36
18945,267.34000000000003
51,267.34
13229,267.28999999999996
10434,267.28
15683,267.24
5037,267.16
14906,267.15
5958,267.09000000000003
18941,267.07
1270,267.05
2783,267.05
2841,266.98
11936,266.91
19039,266.91
205,266.90999999999997
6592,266.9
17529,266.87
4278,266.84000000000003
18082,266.82
10553,266.8
7616,266.79
5809,266.7
8024,266.65999999999997
4062,266.63
3044,266.63
3492,266.51
11293,266.49
15639,266.48
17640,266.45
19770,266.43
3279,266.35
10876,266.31
7559,266.23
8061,266.18
118,266.13
13703,266.1
2759,266.02
15145,265.99
16348,265.98
8886,265.97
10217,265.96999999999997
13325,265.95
883,265.94
16541,265.91
4360,265.88
5849,265.77
7849,265.76
12724,265.65999999999997
18262,265.63
5719,265.54999999999995
3560,265.52
14196,265.45
836,265.37
19,265.32
4166,265.32
6899,265.3
1934,265.28999999999996
19649,265.28000000000003
4931,265.28
4978,265.22
13982,265.19
5314,265.14
5046,265.08
13123,265.06
17180,265.04
2460,264.95
9190,264.89
7685,264.89
19829,264.88
14779,264.88
4326,264.88
5289,264.87
3803,264.73
13147,264.63
10089,264.6
2212,264.58000000000004
13296,264.58
16454,264.58
11135,264.56
10658,264.52
12469,264.5
12739,264.45
16048,264.4
5628,264.39
11316,264.28
17711,264.26
9945,264.22
5392,264.21000000000004
1266,264.17
7460,264.06
11364,264.02
14360,264.0
1476,263.98
1896,263.95000000000005
1945,263.87
4089,263.83
18065,263.72
18619,263.69
407,263.65999999999997
14419,263.65999999999997
18336,263.65
6635,263.63
3147,263.63
15642,263.58
6280,263.53
17686,263.5
7021,263.44
1057,263.41
12136,263.35
2007,263.35
19994,263.3
17091,263.3
13956,263.27
8659,263.16
12163,263.14
17002,263.14
18889,263.1
19695,263.02
4968,262.99
5441,262.96999999999997
12952,262.95000000000005
11180,262.9
11351,262.88
7529,262.79
3671,262.72
6447,262.61
16038,262.59
4357,262.57
14010,262.57
17225,262.57
4776,262.57
693,262.5
14388,262.46
16250,262.44
14897,262.34000000000003
16520,262.3
7525,262.15999999999997
2131,262.15
10564,262.11
13354,262.09
7680,261.94
7015,261.87
719,261.83
9647,261.78
5671,261.73
10442,261.63
11914,261.57
2389,261.44
8405,261.4
7228,261.24
16960,261.17
7869,261.12
6168,261.03999999999996
14455,261.0
19546,260.99
18104,260.97
3158,260.96000000000004
16656,260.95
18599,260.90999999999997
5991,260.81
18231,260.73
3638,260.7
15208,260.69
4887,260.69
14839,260.68
8753,260.68
1199,260.67
7847,260.61
15834,260.6
11777,260.59
6677,260.47
16449,260.46
376,260.42
18787,260.39
18858,260.37
6799,260.22
1580,260.21000000000004
359,260.20000000000005
10986,260.19
16067,260.07
13505,260.04
2728,260.02
4296,259.99
18197,259.91
10941,259.90999999999997
2313,259.89
18537,259.86
1749,259.72
16172,259.72
9424,259.68
11138,259.68
17159,259.66999999999996
1343,259.65999999999997
8318,259.62
347,259.6
19790,259.55
9025,259.5
13613,259.43
12792,259.42
8305,259.31
18593,259.28999999999996
17335,259.28
17334,259.23
16744,259.2
1869,259.2
16758,259.17
6213,259.09
929,259.09
12634,259.09
9265,259.06
17839,259.02
11641,258.95
11595,258.9
7346,258.89
17014,258.89
9516,258.88
15561,258.87
16531,258.82
14731,258.77000000000004
16661,258.77
13595,258.75
2178,258.68
14341,258.68
17989,258.62
10093,258.59
18978,258.58
16428,258.56
392,258.56
19178,258.5
5179,258.45
12845,258.42
18946,258.41
3052,258.38
1119,258.36
14879,258.31
5832,258.29
7211,258.26
14594,258.2
18607,258.14
7664,258.13
16431,258.01
19329,257.93
7941,257.84000000000003
16090,257.83
389,257.78000000000003
19907,257.78
12441,257.77
19816,257.73
18106,257.7
11585,257.63
10082,257.49
18720,257.41
19667,257.40999999999997
5003,257.35
7775,257.28999999999996
2543,257.21000000000004
7247,257.19
19196,257.19
1042,257.19
13708,257.19
9864,257.15999999999997
16901,257.12
10783,257.06
6021,257.06
506,257.02000000000004
1876,257.01
7105,257.0
14953,256.94
12399,256.92
11112,256.92
6352,256.91
19619,256.84
10264,256.73
3258,256.68
17422,256.66
10764,256.64
4243,256.63
15104,256.52
8136,256.51
6540,256.51
17752,256.47
12907,256.45000000000005
6514,256.38
14322,256.32
1728,256.3
7372,256.26
1373,256.23
4174,256.23
6752,256.19
509,256.15999999999997
5530,256.14
1927,256.14
10674,256.02
17353,255.98000000000002
9936,255.98000000000002
2691,255.96
6738,255.96
16342,255.94
12824,255.87
2111,255.85
1684,255.82
7669,255.82
2895,255.81
8538,255.78
12365,255.65
3663,255.63
3836,255.61
15799,255.6
12085,255.58
15839,255.55
18032,255.52
6281,255.49
16508,255.48
9446,255.45
7489,255.37
5462,255.29
5125,255.17000000000002
15794,255.08
18383,255.07
4117,255.05
11149,255.05
5527,254.94
9596,254.88
7129,254.84
13405,254.76
11564,254.67
11087,254.66
11416,254.61
12659,254.61
2989,254.59
7450,254.44
16893,254.43
19003,254.39
8204,254.26999999999998
12134,254.26
12812,254.23000000000002
18457,254.15
13959,254.1
8253,253.98000000000002
555,253.93
11002,253.92
15603,253.85
35,253.84
6067,253.81
19558,253.75
14597,253.72
11163,253.67000000000002
12945,253.56
9197,253.47
8975,253.45999999999998
11084,253.43
8923,253.41000000000003
9179,253.39000000000001
12006,253.38
16387,253.34
6691,253.34
12472,253.24
10557,253.22
6985,253.19
3972,253.18
6658,253.18
19704,253.16
6329,253.14
19098,253.11
19121,253.11
18511,253.05
8475,252.93
10431,252.86
14796,252.82000000000002
2341,252.81
7090,252.8
18605,252.79
8604,252.75
3186,252.56
3920,252.48
13527,252.46
17834,252.44
10704,252.39999999999998
4774,252.39
12179,252.37
1614,252.28
5790,252.22
18851,252.21999999999997
5509,252.20999999999998
3899,252.15
9029,252.11
13823,251.99
15796,251.93
3170,251.92000000000002
13765,251.91
12911,251.85
8375,251.78
12200,251.64999999999998
3077,251.61
9875,251.59
377,251.58
2695,251.58
6485,251.52
664,251.51999999999998
6577,251.48000000000002
18115,251.36
8546,251.34
19660,251.3
17113,251.26999999999998
2753,251.17
18589,251.10999999999999
16896,251.1
18318,251.04000000000002
10396,251.01000000000002
16919,251.01
7722,251.01
17235,251.0
18005,250.97
6466,250.91
17951,250.91
8298,250.82
19936,250.67000000000002
13392,250.67
11422,250.63
8406,250.61
11319,250.58
4291,250.55
10753,250.51
7201,250.46
1279,250.39
8959,250.37
303,250.29
1013,250.26000000000002
2632,250.25
6882,250.19
4895,250.18
13179,250.18
7183,250.08
16399,250.02999999999997
12372,250.01
9697,249.97
2982,249.97
2129,249.95
7827,249.87
2715,249.85000000000002
18011,249.84
13313,249.81
15085,249.79
14771,249.79
7279,249.75
5379,249.7
2283,249.67000000000002
14183,249.57999999999998
18326,249.57999999999998
14215,249.54000000000002
9785,249.45
6491,249.38
19323,249.35999999999999
12094,249.31
17701,249.28
5035,249.26
10669,249.20000000000002
2221,249.19
19428,249.11
7643,249.08
180,249.08
1309,249.07999999999998
14200,249.0
15433,248.94
16664,248.91
5408,248.85000000000002
10457,248.83
16770,248.82
17121,248.75
18018,248.72
10470,248.70999999999998
7256,248.7
2115,248.57
19091,248.57
17909,248.53000000000003
760,248.53
643,248.51000000000002
15126,248.48000000000002
15378,248.46
12226,248.45999999999998
9536,248.44
18950,248.44
12550,248.42000000000002
8158,248.34
19657,248.23
2286,248.23
444,248.16
1085,248.12
13944,248.1
798,248.05
6900,248.03000000000003
17029,248.0
17777,247.99
7863,247.95
17320,247.91
19651,247.89999999999998
1280,247.85
2333,247.75
4548,247.74
12908,247.72
250,247.66
13311,247.65
4562,247.63000000000002
9045,247.63
6785,247.61
11661,247.57
19688,247.4
15311,247.37
2089,247.29
3431,247.23999999999998
7395,247.20999999999998
18668,247.1
184,247.08
13141,246.91000000000003
18780,246.82
1756,246.81
13264,246.8
3358,246.79999999999998
2482,246.79999999999998
11026,246.79000000000002
14233,246.74
15873,246.68
19575,246.61
17138,246.59
3347,246.58
1963,246.53
11190,246.48000000000002
5937,246.36
19953,246.36
58,246.35000000000002
2299,246.32999999999998
16854,246.31
11995,246.29
14900,246.27
7816,246.21
778,246.2
8926,246.19
311,246.18
15783,246.11
5347,246.09
10782,246.09
15234,246.01
5272,245.94
15427,245.92000000000002
17104,245.85
19267,245.82999999999998
6893,245.81
10423,245.74
12434,245.70999999999998
13084,245.69
15206,245.62
12498,245.60000000000002
10996,245.6
5326,245.54999999999998
19805,245.51
19050,245.47
19843,245.46
13453,245.4
1565,245.34
16206,245.32000000000002
19119,245.29999999999998
19054,245.21999999999997
18650,245.19
12935,245.15
5459,245.12
86,245.08
19387,245.08
1234,245.05
6707,245.05
19235,245.04000000000002
11874,244.99
11061,244.95
10841,244.92
15326,244.82
18658,244.8
16320,244.78
13027,244.77
11596,244.72
2373,244.7
18294,244.63000000000002
3104,244.60000000000002
1070,244.55
7782,244.51999999999998
4644,244.45000000000002
18740,244.42999999999998
14003,244.41
13413,244.36
10582,244.35000000000002
19496,244.32
2731,244.32
15157,244.3
13151,244.24
208,244.21
12052,244.19
10762,244.12
1645,244.04
662,244.03
13417,244.03
3201,243.95000000000002
12534,243.89999999999998
1782,243.87
19559,243.85999999999999
17157,243.82
134,243.78
3001,243.74
15449,243.73
12096,243.69
14954,243.68
11218,243.66
14321,243.62
5532,243.52
19850,243.52
18767,243.51
10822,243.49
7175,243.42000000000002
2185,243.27
3055,243.26999999999998
12065,243.26
8138,243.26
6462,243.24
14860,243.2
2542,243.10999999999999
19636,243.1
18307,243.06
8217,243.04000000000002
3057,242.96999999999997
17773,242.95000000000002
8927,242.93
16327,242.89
364,242.78
18847,242.75
1733,242.74
6247,242.73999999999998
5978,242.70999999999998
19986,242.64999999999998
12872,242.64
17391,242.56
17383,242.54000000000002
10721,242.54000000000002
10279,242.52
15714,242.49
901,242.47
16677,242.47
14873,242.46999999999997
15431,242.45
19066,242.45
11234,242.38
9653,242.36
6452,242.31
2103,242.31
17427,242.28
547,242.24
5903,242.24
13866,242.24
1860,242.24
6023,242.21
19858,242.12
17108,242.07
16973,242.02
18711,241.99
11536,241.98000000000002
7534,241.95
8150,241.93
14127,241.93
18100,241.92
7881,241.85000000000002
13419,241.73999999999998
1943,241.72
13682,241.64
11174,241.63
7758,241.59
12230,241.57
16288,241.56
8513,241.52
18217,241.41
2196,241.4
7045,241.39
17976,241.34
8467,241.34
19517,241.32999999999998
11838,241.3
7674,241.26
18615,241.23000000000002
4699,241.21
10912,241.07999999999998
14116,241.07
3518,241.07
16308,241.03000000000003
14339,241.02
14800,241.0
3885,240.98
10568,240.9
2033,240.89
11971,240.88
1032,240.85
9193,240.79
7049,240.78
9305,240.74
18087,240.72
1768,240.71
19373,240.66
9429,240.62
12428,240.51
17451,240.39999999999998
10499,240.37
1059,240.35
18312,240.33
10441,240.24
11742,240.24
11932,240.10999999999999
2653,240.09
18820,240.07
14541,240.01999999999998
17541,239.95
3664,239.94
9582,239.92000000000002
10818,239.88
6151,239.83
5990,239.82
1098,239.82
3903,239.64
11367,239.61
18200,239.56
958,239.55
5137,239.53
14986,239.48
15361,239.45
6412,239.45
2175,239.42000000000002
4526,239.37
11127,239.34
9369,239.33
16754,239.32999999999998
37,239.32999999999998
63,239.32
16572,239.26
7141,239.26
13983,239.23000000000002
7454,239.2
8089,239.07
19264,239.04
10699,239.02
9367,239.01
12737,238.97
4742,238.93
8323,238.91
5993,238.87
15952,238.82000000000002
15688,238.8
18143,238.79
1112,238.79
8500,238.72
17723,238.71
5262,238.7
7499,238.67999999999998
17177,238.65
7302,238.63
11118,238.6
19889,238.57
7164,238.56
18781,238.5
9753,238.48000000000002
18272,238.48000000000002
18822,238.28
8211,238.25
11128,238.23999999999998
7934,238.2
19202,238.01
1750,237.97000000000003
18572,237.95
13167,237.8
18064,237.79000000000002
7039,237.78
4127,237.78
5043,237.78
6097,237.74
3475,237.7
18114,237.7
5494,237.69
12629,237.66
10370,237.65
15284,237.58
3132,237.57999999999998
2281,237.53
17538,237.51
7150,237.5
6279,237.45
8212,237.43
12154,237.38
167,237.34
3922,237.31000000000003
4681,237.29999999999998
5344,237.27
2446,237.25
4932,237.23999999999998
16284,237.23000000000002
1123,237.22
4159,237.18
10771,237.17
18993,237.0
5286,236.99
12037,236.98999999999998
2021,236.98999999999998
19383,236.98
2981,236.92000000000002
14395,236.91000000000003
7898,236.87
17421,236.79
4753,236.75
1278,236.63
11786,236.63
18249,236.62
11201,236.61
18110,236.60999999999999
8914,236.6
4801,236.52
7601,236.48
14368,236.46
6855,236.38
9395,236.32999999999998
7194,236.3
13515,236.26
162,236.25
5873,236.25
4198,236.22
15471,236.2
12062,236.07
13920,236.06
15225,236.03
16892,235.85
10561,235.81
15788,235.77999999999997
11091,235.66
14693,235.63
2380,235.63
2032,235.53
17078,235.5
15872,235.46
15005,235.44
19068,235.31
7509,235.31
14051,235.3
1649,235.28
1485,235.26999999999998
7607,235.22
11458,235.2
17371,235.2
12639,235.07
7160,235.02
3585,234.92000000000002
8587,234.9
13719,234.89000000000001
13131,234.85000000000002
3066,234.85
5677,234.79
11958,234.75
4054,234.73
16886,234.7
17563,234.69
8930,234.68
14050,234.65999999999997
2300,234.62
2763,234.55
13759,234.49
13698,234.48
10231,234.47000000000003
18846,234.46
4199,234.34
16336,234.33
15325,234.33
15338,234.31
16825,234.24
8077,234.17
17468,234.16
14857,234.16
406,234.11
19270,234.07999999999998
4242,234.05
16175,234.03
15379,234.0
19855,233.97
19395,233.91
17133,233.9
3262,233.89000000000001
10282,233.86
16183,233.77
6935,233.72
3246,233.7
243,233.7
9458,233.69
4729,233.67000000000002
12466,233.62
1839,233.62
11767,233.57
10620,233.54
17907,233.49
8986,233.46
17867,233.42
17153,233.37
10339,233.34
17179,233.34
14447,233.32000000000002
16233,233.31
7896,233.31
19280,233.31
11058,233.28
11498,233.20999999999998
14158,233.16
13553,233.1
19131,233.05
16733,233.02
10694,233.02
11042,232.9
3207,232.87
4589,232.86
7938,232.85000000000002
6453,232.85
18205,232.82
17783,232.77
3861,232.74
5189,232.69
14492,232.67
14790,232.65
11179,232.64
11194,232.64
7265,232.6
15979,232.48
10172,232.48
12445,232.46
9299,232.44
7916,232.44
6696,232.32
905,232.32
12592,232.3
13220,232.24
4188,232.08999999999997
3986,232.06
12769,232.06
5042,231.98000000000002
12044,231.98
17997,231.93
5426,231.91
6530,231.86
18443,231.82
12768,231.77000000000004
9007,231.74
11925,231.63
11413,231.59
7234,231.57
17519,231.56
15999,231.52
9102,231.49
17808,231.47
16281,231.45000000000002
11541,231.45
19335,231.45
6601,231.45
350,231.42
10939,231.38
12245,231.34000000000003
18389,231.32999999999998
10204,231.29000000000002
14943,231.28
16969,231.28
15563,231.24
2310,231.17
19574,231.17
8286,231.17
18492,231.16000000000003
358,231.1
19549,231.04
10703,231.03
5812,231.01999999999998
19971,230.96
19745,230.92000000000002
304,230.92
14726,230.88
8094,230.87
4443,230.83999999999997
12093,230.81
4370,230.79
15606,230.76000000000002
15692,230.68
15667,230.63
4420,230.63
10622,230.51
1073,230.49
10069,230.34
16787,230.31
3656,230.29
13295,230.24
3380,230.21
10386,230.19
7966,230.17
12423,230.14
11743,230.11
6564,230.03
15962,229.91
14238,229.88
18543,229.88
6967,229.79000000000002
18199,229.76999999999998
2236,229.74
9641,229.73000000000002
1859,229.7
2920,229.7
8515,229.67
11455,229.65
10892,229.58
956,229.57999999999998
16711,229.56
8800,229.53
4600,229.42000000000002
1818,229.42
19369,229.4
9722,229.38
7992,229.37
4247,229.35000000000002
5218,229.34
10808,229.34
13168,229.32999999999998
15718,229.32999999999998
14305,229.20000000000002
16267,229.11
7267,229.04000000000002
12616,229.0
9259,228.99
11900,228.98
6867,228.95999999999998
19349,228.94
6137,228.91
1375,228.9
13960,228.9
7304,228.88
3313,228.84
317,228.84
7562,228.77999999999997
12465,228.68
16412,228.67000000000002
10256,228.67000000000002
13668,228.67
9236,228.6
13518,228.51999999999998
19758,228.49
11714,228.42
6748,228.39999999999998
14867,228.35000000000002
4055,228.32999999999998
246,228.32
4281,228.31
2248,228.31
9931,228.3
6374,228.28
17191,228.26
2058,228.25
4778,228.18
15721,228.15
10168,228.13
5994,228.04000000000002
1953,228.0
18014,227.91
15168,227.87
5080,227.82
518,227.76
6132,227.76
16735,227.69
18339,227.67000000000002
8210,227.66
3164,227.63
5516,227.57
17145,227.51
17147,227.46
1387,227.44
16622,227.38
19175,227.17
17024,227.17
3738,227.11
10675,227.11
1519,227.10999999999999
9845,227.09
12790,227.08999999999997
17704,227.06
15332,227.06
811,227.04
7057,226.88
10191,226.84
8445,226.82
12546,226.81
9130,226.76999999999998
6924,226.69
17553,226.37
19629,226.35000000000002
15723,226.32
15494,226.25
1385,226.21
2102,226.19
12457,226.17
18341,226.14000000000001
4193,226.14
13793,226.14
14059,226.12
4836,226.11
19444,226.09
2285,226.05
6525,225.99
16226,225.88
18253,225.78
11459,225.77
684,225.71
15747,225.67000000000002
11159,225.67000000000002
7826,225.63
7754,225.59000000000003
2323,225.54000000000002
324,225.48
3088,225.42
14918,225.32999999999998
14402,225.3
5449,225.3
1949,225.28000000000003
19172,225.23000000000002
2448,225.23
8474,225.17000000000002
7109,225.17
10380,225.15
361,225.15
15172,225.14
4732,225.12
7315,225.11
2539,225.11
1138,225.11
17095,225.07
18031,225.05
416,225.0
17419,224.99
14247,224.97
2793,224.94
19199,224.91
6415,224.82
16001,224.8
12433,224.79
7074,224.77
14631,224.73
1157,224.68
18423,224.68
19862,224.54000000000002
18133,224.41000000000003
3957,224.35999999999999
1043,224.35
19580,224.35
12985,224.24
15734,224.23
6675,224.07999999999998
3818,224.01
148,224.01
15649,223.92
15052,223.89
9603,223.88
17331,223.87
7673,223.87
677,223.87
9628,223.87
15501,223.81
387,223.79000000000002
11232,223.73000000000002
19972,223.73
14270,223.72000000000003
18915,223.72
18521,223.69
12665,223.67
7771,223.66
4383,223.66
4442,223.64999999999998
4784,223.64000000000001
4693,223.62
11488,223.59
16170,223.59
2035,223.56
16991,223.55
10055,223.53
4164,223.45999999999998
12463,223.42
11852,223.33999999999997
9958,223.32999999999998
15174,223.3
5822,223.29
17953,223.28
10519,223.26
16389,223.18
16123,223.16
7808,223.11
19638,223.10999999999999
5633,223.09
7236,223.08999999999997
16525,223.05
6940,223.01999999999998
4462,223.01
16879,222.97000000000003
15207,222.93
12356,222.92
1334,222.84
15470,222.84
16043,222.78
10091,222.77999999999997
11069,222.74
9984,222.64999999999998
10994,222.63
6086,222.55
8137,222.55
3811,222.51
10600,222.5
12794,222.46999999999997
10629,222.46
2473,222.45999999999998
17601,222.42000000000002
5955,222.37
7887,222.36
12400,222.35999999999999
3975,222.33999999999997
14930,222.28
1095,222.28
11727,222.20999999999998
1626,222.14
17618,222.10000000000002
9377,222.08999999999997
8709,222.07
4680,222.01
8119,221.98000000000002
2038,221.93
7251,221.93
7608,221.9
2946,221.87
594,221.82999999999998
17622,221.75
17822,221.73
2484,221.62
10149,221.61
10111,221.61
10133,221.58
19471,221.55
8241,221.54
8175,221.53
13275,221.49
9696,221.47000000000003
3732,221.44
13139,221.43
5898,221.35
4891,221.34
6397,221.31
9767,221.3
1327,221.28
5036,221.28
11184,221.26
11277,221.24
12432,221.21
18306,221.19
11977,221.17000000000002
18893,221.17000000000002
13253,221.16
8798,221.12
11563,221.1
381,220.97
10603,220.95
10809,220.92000000000002
476,220.88
631,220.86
15809,220.81
15707,220.79000000000002
4673,220.78
18830,220.71
3417,220.68
5167,220.68
4721,220.62
3036,220.62
2634,220.60000000000002
11642,220.54
56,220.51999999999998
6171,220.5
11909,220.39999999999998
9235,220.35
1060,220.28
9521,220.22000000000003
1715,220.18
16696,220.10000000000002
5023,220.1
2670,220.06
12077,220.05
10757,219.98
16705,219.91
10211,219.85
17725,219.82
18354,219.79000000000002
15523,219.76000000000002
7924,219.74
15411,219.73
3182,219.71
16678,219.70999999999998
1357,219.7
13149,219.65
9063,219.58
8085,219.54
5077,219.53
1190,219.52
4083,219.51
11205,219.47
5576,219.44
17996,219.42
2868,219.34
12988,219.32999999999998
794,219.26
12330,219.25
14502,219.25
18244,219.24
10007,219.19
7741,219.18
15778,219.14
2620,219.13
12816,219.12
11151,219.11
8340,219.11
17027,219.05
11759,218.93
942,218.85000000000002
7214,218.83999999999997
17852,218.83
16253,218.79000000000002
5521,218.75
14912,218.63
5064,218.60999999999999
19123,218.51
5109,218.48
8608,218.41
12584,218.32
9364,218.32
10507,218.28000000000003
6192,218.27
19207,218.26
7875,218.2
3521,218.16000000000003
2461,218.1
11414,218.09999999999997
11944,218.07999999999998
18192,218.02
18025,217.95
7950,217.94
16161,217.9
3665,217.89000000000001
494,217.85
7851,217.79000000000002
17301,217.76
12861,217.74
19530,217.74
7824,217.7
3187,217.69
14391,217.69
18437,217.66
1582,217.65
7668,217.64000000000001
11778,217.64
18482,217.6
4072,217.52
9061,217.51
4613,217.43
16778,217.41
2202,217.36999999999998
276,217.25
8745,217.24
12686,217.23
14194,217.16
4812,217.16
6129,217.12
8825,217.11
1399,216.99
15329,216.97
8344,216.96
7088,216.94
124,216.86
15422,216.84
11434,216.81
8027,216.71
16414,216.68
6697,216.67000000000002
10272,216.64999999999998
10813,216.64
17550,216.61
14494,216.57999999999998
11819,216.49
1574,216.49
13177,216.46
8873,216.45000000000002
5110,216.36
12914,216.35
17611,216.34
3764,216.27
5760,216.18
16328,216.14999999999998
2249,216.14
9021,216.14
8570,216.13
9316,216.11
17355,216.08
13831,216.07
5725,216.07
11825,216.05
5616,216.02
10432,215.99
12277,215.98
19047,215.95
8291,215.94
18276,215.85
17906,215.81
7196,215.81
2062,215.8
15043,215.79000000000002
16367,215.76
2597,215.7
4276,215.69
5839,215.64
13720,215.57
140,215.51
72,215.5
13810,215.41
3544,215.41
9033,215.31
7874,215.28
6343,215.27
17172,215.26
5236,215.24
14750,215.23
13058,215.19
16942,215.12
16244,215.09
10298,215.09
17426,215.04000000000002
15243,215.0
4006,214.92
9562,214.9
15260,214.89
8441,214.85
9889,214.85
6631,214.84
10253,214.82999999999998
2087,214.82
8338,214.81
10559,214.79
4765,214.74
11442,214.73000000000002
7997,214.72
7294,214.72
1763,214.66
4709,214.62
13026,214.56
12393,214.55
19263,214.5
13323,214.46
11797,214.4
7451,214.39
15949,214.38
5653,214.28
17644,214.23999999999998
13958,214.13
4698,214.04000000000002
17351,214.02
13112,213.94
3650,213.92000000000002
19468,213.87
18273,213.82
10974,213.76
7040,213.75
14149,213.72
11592,213.68
10780,213.68
4814,213.63000000000002
5854,213.57
16657,213.56
513,213.52
11987,213.51
8028,213.5
13173,213.5
14996,213.44
3269,213.43
1697,213.37
9116,213.33999999999997
4131,213.25
10700,213.24
13924,213.22
17300,213.21
5127,213.18
2495,213.14000000000001
2451,213.08
251,213.07
7255,213.07
17187,213.06
3539,213.06
5463,213.05
291,213.03
697,213.01999999999998
7979,212.98000000000002
12130,212.97
8565,212.93
1926,212.93
8805,212.9
5395,212.87
2095,212.74
7331,212.7
15771,212.7
17106,212.67000000000002
3221,212.63
3296,212.61
10534,212.60999999999999
7750,212.59
5618,212.52
14372,212.52
8718,212.49
9595,212.45
16158,212.43
13962,212.42000000000002
8160,212.42000000000002
18487,212.41
17036,212.31
12915,212.28
8243,212.28
15595,212.27999999999997
4178,212.26
2474,212.20999999999998
6613,212.2
8668,212.19
16793,212.1
18934,212.09
13143,212.07999999999998
1654,212.01
10529,211.96
1612,211.89000000000001
1967,211.88
16732,211.86
1956,211.82
12532,211.74
11166,211.73
17737,211.7
16151,211.68
8182,211.65
12900,211.62
2913,211.61
17938,211.57999999999998
10054,211.51
19276,211.5
11815,211.5
3737,211.5
14332,211.45000000000002
4567,211.45
16338,211.44
15724,211.39000000000001
6291,211.39000000000001
12810,211.34
19578,211.33
7533,211.26999999999998
9731,211.18
16164,211.14
1174,211.13
9923,210.94
2640,210.92
7384,210.89
17517,210.86
2159,210.82
12684,210.73999999999998
15540,210.73
8802,210.72
5428,210.7
18140,210.65
9238,210.64
15614,210.61
4927,210.61
12999,210.61
12742,210.59
8681,210.59
13174,210.58
18260,210.55
14459,210.44
3879,210.44
8052,210.35999999999999
9191,210.33
10569,210.33
10823,210.32999999999998
6219,210.26999999999998
941,210.25
4216,210.2
17099,210.2
9806,210.19
18062,210.19
18811,210.17
16948,210.11
14055,210.11
5302,210.10000000000002
11551,210.05
13557,210.04
15797,210.04
16684,209.99
10327,209.93
11986,209.91
3552,209.79
18659,209.76
17310,209.7
14961,209.69
16644,209.66
11593,209.57
4372,209.57
14601,209.55
12308,209.54000000000002
14093,209.54
16911,209.47
16252,209.44
6925,209.44
1490,209.39999999999998
9783,209.39
15404,209.34
4039,209.34
5351,209.32
17801,209.3
18903,209.26000000000002
10471,209.26
608,209.26
18908,209.23000000000002
19378,209.21
7357,209.19
9891,209.09
9032,209.03
18414,208.98
11443,208.98
14066,208.95999999999998
5787,208.88
12842,208.87
1082,208.82
19389,208.78
3192,208.69
4252,208.68
18682,208.61
8468,208.57999999999998
1152,208.56
4871,208.56
6410,208.49
18709,208.48
9031,208.44
5918,208.4
5337,208.38
17941,208.35
16801,208.24
12687,208.09
2187,208.03
14596,207.97
18680,207.96
2181,207.9
19837,207.87
17884,207.81
1479,207.78
8423,207.77
19666,207.76999999999998
9495,207.74
17214,207.70999999999998
4058,207.68
1181,207.65
15929,207.65
434,207.64
9953,207.54
9341,207.45
12568,207.42000000000002
8,207.4
5360,207.4
13696,207.32000000000002
3537,207.28
2334,207.26
18322,207.26
15646,207.24
7579,207.23000000000002
14599,207.17999999999998
8665,207.16
10410,207.11
439,207.10000000000002
19887,207.0
9421,206.96
11027,206.94
6232,206.89
16594,206.88
10887,206.86
15489,206.85
12789,206.84
10355,206.8
3967,206.8
7719,206.77
1129,206.76
4767,206.74
14086,206.73
10284,206.69
4760,206.66
5992,206.64
6372,206.55
15173,206.45000000000002
5747,206.38
1220,206.36
13570,206.35
4915,206.24
17778,206.19
2477,206.12
9988,206.1
17566,206.07999999999998
13312,206.05
454,206.05
17740,206.01999999999998
6966,205.99
13711,205.94000000000003
14692,205.93
7611,205.88
2770,205.87
16796,205.81
689,205.72
1731,205.69
792,205.69
10820,205.65
9513,205.62
7083,205.61
17806,205.59
375,205.58999999999997
18054,205.52
12856,205.51
18221,205.48
7546,205.47
6909,205.45999999999998
9636,205.45
19407,205.34
10407,205.27
223,205.22
3084,205.21
18644,205.14
10976,205.12
12781,205.08
1909,205.06
1498,204.98000000000002
916,204.95999999999998
15454,204.93
19483,204.89
8336,204.88
15815,204.88
8973,204.83999999999997
16247,204.7
18317,204.44
19192,204.42
14262,204.4
2785,204.38
14696,204.35
5659,204.33
1646,204.29
10668,204.27
18788,204.26
2956,204.19
19079,204.18
16374,204.17
9942,204.12
9762,204.12
12492,204.12
8642,204.08999999999997
1672,204.03
8293,204.01999999999998
11806,204.0
2261,203.95
11062,203.93
2635,203.91
9408,203.88
1986,203.8
8849,203.78
16609,203.78
8392,203.74
7079,203.7
1722,203.69
4724,203.61
18081,203.60999999999999
19635,203.56
5906,203.52
14979,203.51
13650,203.48000000000002
12119,203.47
13239,203.47
17558,203.45000000000002
8601,203.45
187,203.45
2166,203.44
2733,203.35
3416,203.33
335,203.32999999999998
13846,203.32999999999998
7328,203.32
18837,203.31
5239,203.24
1012,203.22
2396,203.22
1676,203.2
6838,203.1
17332,203.1
780,203.1
14529,202.98
19023,202.85
17609,202.82
114,202.8
10867,202.79000000000002
11339,202.75
12878,202.65
7717,202.61
6559,202.56
10643,202.52
17136,202.51
7524,202.48
4758,202.44
7421,202.43
12928,202.42
12720,202.41
616,202.41
14763,202.4
10619,202.38
5183,202.25
14213,202.23
8782,202.2
15356,202.19
18029,202.16
6172,202.14
14976,202.11
18898,202.07
19105,202.07
128,202.05
12531,202.03
15819,202.0
5853,201.95
13672,201.93
15919,201.91
4838,201.88
17400,201.86
7906,201.82
4792,201.78
412,201.76
17642,201.75
17971,201.71
18234,201.67
10851,201.62
9297,201.58
15658,201.57
186,201.48
12270,201.47
8858,201.44
11022,201.38
6672,201.38
12126,201.29
17794,201.27
5431,201.26
9720,201.26
11011,201.22000000000003
3672,201.16
11828,201.07999999999998
815,201.06
12980,200.97
11065,200.94
18706,200.87
11298,200.87
16642,200.84
17183,200.75
16283,200.73000000000002
16135,200.72
5600,200.7
13213,200.59
10815,200.58999999999997
12897,200.57
6022,200.57
13626,200.57
17776,200.54
3011,200.51
18112,200.35000000000002
8736,200.34
18036,200.32999999999998
19664,200.31
16693,200.26999999999998
5819,200.25
9140,200.24
2674,200.13
652,200.09
16435,200.02
16987,200.01
19163,200.0
7711,199.99
13461,199.97
12342,199.95
14902,199.95
9465,199.93
233,199.88
14626,199.87
17895,199.82999999999998
8314,199.8
4833,199.78
8098,199.76999999999998
18142,199.76999999999998
14784,199.73
6585,199.66
913,199.65
19430,199.64
13017,199.63
9629,199.63
11791,199.56
1615,199.55
13152,199.53
2231,199.45000000000002
3287,199.44
13224,199.42000000000002
17814,199.4
7656,199.4
19191,199.37
6359,199.28
17171,199.24
1737,199.23000000000002
16261,199.22
7484,199.12
1536,199.08999999999997
15550,199.06
15963,199.0
19133,198.94
7908,198.9
12165,198.86
6719,198.86
3915,198.85
1131,198.85
15012,198.76
10032,198.74
2700,198.6
6904,198.59
9482,198.56
9832,198.49
7667,198.49
9225,198.47
17424,198.45
4668,198.38
5548,198.33
8067,198.28
18667,198.26
12467,198.2
19334,198.16000000000003
16089,198.15
15543,198.13
11952,198.13
13110,198.08
3496,198.07
15801,197.97
3386,197.95000000000002
3862,197.94
11165,197.88
12459,197.84
12275,197.82
18597,197.82
1957,197.75
15608,197.63
18935,197.62
5656,197.56
19088,197.37
15027,197.35
3367,197.28
16004,197.27
16847,197.27
8829,197.26
6079,197.23000000000002
9198,197.23
8740,197.18
9907,197.16
16020,197.09
5723,197.07999999999998
2140,197.05
16371,197.0
1938,196.95
17464,196.92
16433,196.86
14610,196.86
4381,196.85999999999999
2401,196.82
993,196.66
10005,196.64
14317,196.6
5764,196.57
2025,196.56
12925,196.4
1887,196.39000000000001
14749,196.38
1918,196.37
4404,196.37
68,196.32
14658,196.22
2829,196.22
4475,196.18
2335,196.15
16848,196.02999999999997
4288,196.02999999999997
2881,196.01
6103,195.97
6615,195.91
3498,195.89000000000001
2165,195.87
2355,195.86
807,195.72
12444,195.71
15193,195.71
12236,195.7
10686,195.7
10072,195.69
4266,195.68
8129,195.66
13514,195.60999999999999
695,195.59
683,195.58
12726,195.54
8397,195.53
5371,195.53
12625,195.53
5755,195.48000000000002
12143,195.45
2904,195.44
1897,195.34
3073,195.33
5271,195.24
12384,195.23999999999998
14968,195.22
9049,195.18
10195,195.15
1394,195.13
9916,195.1
4070,195.09
9114,195.07
19960,195.0
10138,194.99
7617,194.97
15290,194.97
16741,194.97
6004,194.96
6522,194.9
18119,194.85999999999999
6179,194.83
1251,194.81
966,194.77
6048,194.74
8846,194.73000000000002
6939,194.63
13137,194.61
13383,194.57
12405,194.55
1187,194.55
19000,194.54
10259,194.54
12661,194.43
10020,194.33999999999997
6703,194.29999999999998
13608,194.24
9856,194.23999999999998
15811,194.20999999999998
5467,194.14000000000001
14736,194.13
10749,194.10000000000002
19946,194.09
767,194.06
1828,194.03
12377,193.95
18441,193.95
14713,193.92000000000002
980,193.92
9050,193.91
5531,193.9
17780,193.89
15483,193.86
4384,193.86
4481,193.85
18435,193.8
6562,193.73000000000002
18425,193.67
4421,193.63
12582,193.61
7520,193.59000000000003
10285,193.59
6795,193.53
2838,193.52
14118,193.47
1294,193.45999999999998
1613,193.43
5362,193.43
120,193.42000000000002
13762,193.42
11477,193.32999999999998
8971,193.32
10651,193.31
799,193.29
6887,193.29
13451,193.29
18875,193.24
9637,193.23
2947,193.22
16085,193.22
11114,193.21
12387,193.2
16346,193.17000000000002
19063,193.15
4393,193.13
15531,193.11
3467,193.01
16668,192.99
4643,192.98
1437,192.91
4744,192.91
826,192.89
8181,192.86
8600,192.82
4899,192.77
1230,192.74
13166,192.72
17763,192.72
8944,192.71
4771,192.69
5596,192.67000000000002
2527,192.47
19446,192.42000000000002
10140,192.38
12578,192.35
4129,192.35
2048,192.34
14490,192.33999999999997
15751,192.29000000000002
5411,192.29000000000002
8921,192.26999999999998
18920,192.17
8913,192.15
19067,192.15
8221,192.14
19954,192.09
6566,192.07999999999998
12173,192.03
17220,192.01
5619,191.98
2444,191.98
12442,191.9
15167,191.88
6626,191.86
18019,191.78
11131,191.78
1541,191.68
15674,191.67
14637,191.66000000000003
12141,191.61
18202,191.59
7195,191.54000000000002
10545,191.53
4582,191.51
2698,191.48999999999998
13012,191.48000000000002
15908,191.45
12307,191.45
2005,191.24
4987,191.17000000000002
60,191.16
13019,191.15
13447,191.15
13990,191.13
6980,191.12
1709,191.09
16932,191.09
4407,191.08999999999997
2961,191.08
5908,191.07999999999998
6789,191.04
12867,190.97
6950,190.95
164,190.9
1847,190.88
5606,190.85
226,190.82999999999998
14064,190.82999999999998
15600,190.81
12543,190.78
15191,190.77
11216,190.67
13386,190.63
5917,190.62
15122,190.59
5916,190.57
5331,190.56
11766,190.51
19481,190.51
10095,190.47
7955,190.46
12145,190.45
7142,190.37
7952,190.37
16303,190.36
14963,190.35000000000002
15906,190.34
13251,190.32
7481,190.31
14304,190.29999999999998
17201,190.25
11169,190.25
9135,190.22
12343,190.16
11000,190.06
2663,190.04
18785,190.03
18925,190.01
17936,190.01
13947,189.96
1766,189.96
19193,189.96
957,189.96
8294,189.95000000000002
14358,189.94
2336,189.93
3858,189.92
13472,189.91
7329,189.88
6793,189.87
13740,189.81
3941,189.8
18483,189.78
18874,189.77
11484,189.7
6894,189.7
4570,189.63
6239,189.61
17781,189.57999999999998
7873,189.56
2158,189.55
11518,189.53
6308,189.5
17590,189.46
11308,189.43
3867,189.42
16134,189.4
15634,189.4
7186,189.38
12673,189.37
2360,189.35
7544,189.32
10980,189.29999999999998
11912,189.25
15997,189.19
5655,189.14
12688,189.12
18701,189.08
13640,189.04000000000002
2779,189.04
10999,189.02
5012,189.02
1994,188.95
12430,188.93
5784,188.9
14977,188.89
12254,188.83999999999997
16792,188.82
19556,188.81
766,188.8
17009,188.8
10857,188.73
15598,188.73
9711,188.73
4373,188.67
10977,188.61
17302,188.58
2655,188.57
11956,188.57
2541,188.47000000000003
626,188.42
11811,188.42
15062,188.4
11168,188.37
10037,188.34
17372,188.29
3093,188.29
16258,188.28
14254,188.28
9107,188.27
8731,188.18
11241,188.08
4783,188.07
12075,188.04000000000002
17006,188.01
7925,187.92000000000002
18161,187.92
11841,187.82
3667,187.81
9358,187.79
14652,187.78
19902,187.74
7081,187.74
14374,187.59
10115,187.59
366,187.57
845,187.57
3872,187.56
4697,187.54000000000002
3577,187.53
19208,187.52
13048,187.5
10730,187.47
1443,187.46
2164,187.45
17085,187.44
18592,187.42000000000002
9979,187.31
14352,187.23999999999998
6080,187.17000000000002
16653,187.14000000000001
10181,187.14
13272,187.07
4543,187.06
1695,187.05
13344,187.04
17995,187.03
19125,187.0
2842,186.96
9131,186.94
5811,186.87
8627,186.85
3888,186.84
15753,186.75
17258,186.74
12413,186.71
14569,186.63
50,186.6
1067,186.6
2825,186.56
935,186.55
3017,186.54000000000002
13475,186.49
16073,186.44
12347,186.4
13661,186.38
4013,186.36
5177,186.35000000000002
9380,186.35
12461,186.3
14081,186.25
15441,186.22
2737,186.21
1804,186.2
10354,186.18
4906,186.18
13426,186.12
1211,186.07
6948,186.04000000000002
9502,186.04
12949,186.0
17118,186.0
10235,185.98000000000002
15754,185.96
7688,185.96
12288,185.95999999999998
5684,185.81
11597,185.78
6202,185.78
7400,185.76999999999998
6378,185.76
8287,185.73000000000002
3729,185.66
11271,185.6
10137,185.59
16195,185.59
2217,185.57
5473,185.56
5802,185.55
14099,185.54
16103,185.49
7943,185.42
13473,185.38
2790,185.38
8361,185.34
17444,185.34
2188,185.32999999999998
12042,185.3
2374,185.29000000000002
10113,185.29
676,185.24
19016,185.21
5469,185.16
6039,185.12
8206,185.08999999999997
17274,185.01
8816,184.99
17174,184.81
5416,184.77
13531,184.72
9378,184.72
6850,184.61
19467,184.61
636,184.54
6471,184.54
7663,184.48999999999998
4884,184.46
9517,184.45
16485,184.41
14928,184.34
17655,184.33999999999997
8272,184.33
1103,184.29
9525,184.26999999999998
2496,184.22
16070,184.2
6653,184.2
18367,184.18
3094,184.15
9659,184.07999999999998
11733,184.06
11021,184.05
17218,184.01
19493,184.0
9360,184.0
19911,183.92
1559,183.91
12718,183.84
36,183.79000000000002
417,183.79
4337,183.73000000000002
11082,183.69
4369,183.66000000000003
7859,183.6
1820,183.57999999999998
2613,183.57
365,183.55
5393,183.52
881,183.49
3674,183.48
10648,183.44
9704,183.42
2225,183.41
11504,183.35
19883,183.35
6992,183.35
13922,183.32999999999998
3565,183.32999999999998
255,183.28
11949,183.28
14507,183.26
12233,183.24
9361,183.2
10688,183.19
12211,183.18
9104,183.14000000000001
8891,183.12
10731,183.06
11615,183.06
19059,183.05
2808,183.05
12064,183.05
3016,182.99
3748,182.98
4942,182.92000000000002
514,182.92000000000002
3574,182.91
1072,182.88
16361,182.79000000000002
7159,182.77999999999997
9504,182.56
4297,182.54000000000002
10001,182.49
4035,182.48000000000002
19945,182.4
1802,182.3
16719,182.25
11222,182.18
8650,182.18
11130,182.13
9394,182.13
8766,182.12
14260,182.1
15112,182.1
6116,182.09
1078,182.08
4557,182.03
2139,182.01
4598,182.0
2618,181.96
11957,181.96
696,181.92
18074,181.91
13863,181.9
3091,181.84
18230,181.72
19356,181.70999999999998
15821,181.64000000000001
2745,181.63
12250,181.58
19246,181.53
14556,181.51
12263,181.51
7308,181.49
6124,181.44
14170,181.41
19809,181.38
9618,181.27
3548,181.26
7599,181.26
5575,181.19
17815,181.16
183,181.14999999999998
10817,181.14
18247,181.1
8255,181.02
9869,181.02
10159,180.99
13351,180.97
18412,180.95
1764,180.95
169,180.9
9491,180.89999999999998
228,180.83999999999997
7820,180.82999999999998
1606,180.81
1363,180.81
2834,180.79
4841,180.78
5038,180.75
5192,180.71
1030,180.68
13005,180.66000000000003
16502,180.59
10679,180.58
1020,180.57
8808,180.57
193,180.55
15786,180.47
770,180.45
54,180.43
16945,180.41
8315,180.4
6565,180.39000000000001
14974,180.33
9240,180.32
16410,180.32
5851,180.32
14854,180.31
6736,180.28
11007,180.28
1198,180.2
5538,180.17
7055,180.14
8982,180.13000000000002
4118,179.96
13266,179.9
12188,179.9
12255,179.86
12784,179.86
4219,179.83
12148,179.83
8301,179.82
7224,179.79000000000002
12951,179.79
11976,179.76999999999998
1855,179.73
1543,179.73
2799,179.67000000000002
18116,179.64999999999998
13332,179.64000000000001
17677,179.61
357,179.55
17924,179.54
15785,179.53
15973,179.53
4626,179.51
2258,179.45
3348,179.4
1821,179.4
15915,179.4
18625,179.36
5783,179.29
9319,179.29
13372,179.27
5484,179.26
15954,179.24
14203,179.24
19673,179.21
7485,179.17
6226,179.15
12601,179.14
9552,179.07999999999998
9293,179.07
18321,179.06
9709,179.06
11418,179.06
12809,179.06
8002,179.04
3095,179.02
2794,179.01999999999998
16051,179.01999999999998
1025,179.0
656,178.98000000000002
6035,178.97000000000003
5952,178.97
5040,178.95000000000002
11540,178.83
7972,178.81
199,178.72
12891,178.7
4410,178.69
19301,178.68
13664,178.67000000000002
5840,178.64000000000001
19733,178.63
12319,178.6
16952,178.59
14295,178.55
3342,178.53
14845,178.49
16404,178.48
13836,178.45
15372,178.45
6066,178.43
3482,178.41
16687,178.38
4714,178.35
6259,178.34
12806,178.29
2627,178.26
13076,178.21
6536,178.19
6307,178.18
4811,178.17
18086,178.14
8015,178.14
2587,178.13
12944,178.12
7518,178.1
3339,178.03
1770,178.0
10635,177.91
19147,177.9
4970,177.86
11221,177.85999999999999
10087,177.81
19414,177.76
9334,177.66
17774,177.48000000000002
9207,177.43
1527,177.42
4096,177.42
6654,177.4
6310,177.37
11659,177.36
11522,177.34
3043,177.32999999999998
10525,177.3
17967,177.23
5053,177.22
9500,177.14
1231,177.13
11106,177.1
19833,177.06
2233,177.04
13387,177.03
11447,176.97
13584,176.92
16075,176.91
13555,176.86
19730,176.85
5624,176.82999999999998
17933,176.81
8983,176.78
4076,176.76
10394,176.74
18291,176.71
2200,176.68
7537,176.65
3514,176.57999999999998
16534,176.54
6064,176.52999999999997
9868,176.52
17031,176.51000000000002
19544,176.5
16033,176.45
3958,176.41
1395,176.41
10062,176.38
1421,176.35
9294,176.29000000000002
1807,176.28
19262,176.23000000000002
739,176.23
11897,176.22000000000003
9975,176.22
5866,176.19
6726,176.16
7921,176.15
6369,176.1
16488,176.03
10281,175.96
17284,175.87
7257,175.86
1412,175.83
14161,175.81
10176,175.79999999999998
12807,175.79000000000002
2118,175.73
15216,175.7
2941,175.68
10797,175.68
4926,175.64
3591,175.63
18861,175.63
2641,175.6
9609,175.59
8368,175.57999999999998
7332,175.57
9818,175.56
19447,175.56
3889,175.56
12779,175.49
7561,175.47
11847,175.39
3830,175.29
16820,175.22
4464,175.21
15139,175.16
702,175.06
17459,175.02
16935,175.02
11931,174.98
19739,174.97
13480,174.9
7401,174.9
13874,174.86
19652,174.81
5757,174.8
2932,174.78
1537,174.78
13015,174.77
7094,174.76
10098,174.73
17591,174.73
19778,174.66
6542,174.63
6204,174.56
16539,174.55
4074,174.54000000000002
18386,174.51
14841,174.44
6274,174.43
9307,174.39
18686,174.39
1496,174.36
6487,174.28
17915,174.27
8773,174.27
5061,174.2
849,174.19
5054,174.17000000000002
6521,174.07
6551,174.05
17415,173.99
5248,173.98000000000002
15375,173.97
16078,173.95000000000002
14092,173.92000000000002
6337,173.91
11480,173.85
14834,173.85
13420,173.82999999999998
12029,173.82
8194,173.81
4920,173.78
5805,173.78
14944,173.78
3926,173.75
10914,173.75
5208,173.75
489,173.73
14923,173.72
15877,173.61
5934,173.58
3118,173.53
17874,173.46
6862,173.44
17503,173.4
15610,173.37
1979,173.35
15394,173.35
9326,173.34
4565,173.31
8040,173.31
18284,173.28
8769,173.23
18182,173.13
528,173.12
7424,173.06
11558,173.05
16574,173.03
16691,173.0
7453,172.99
14345,172.97000000000003
11028,172.97
2917,172.97
17619,172.94
1130,172.86
8310,172.82
5142,172.79999999999998
4333,172.79
2927,172.79
939,172.71
1388,172.67000000000002
3298,172.65
11078,172.65
4453,172.60999999999999
4728,172.6
13463,172.56
4773,172.55
3642,172.51
2948,172.47
6528,172.46
18849,172.46
14337,172.45
19034,172.31
5979,172.31
7458,172.28
1655,172.25
256,172.23
18921,172.22
19981,172.2
9737,172.17000000000002
14526,172.13
18151,172.1
10908,172.06
15866,172.06
17569,172.03
2421,172.01999999999998
2098,171.98
7804,171.98
11712,171.96
150,171.96
2503,171.94
9638,171.92
18542,171.89
310,171.87
11543,171.78
15358,171.77
14325,171.74
4763,171.74
7543,171.74
6106,171.65
12730,171.64
10715,171.64
16925,171.62
12327,171.55
8176,171.54
5340,171.52
18439,171.5
12452,171.47000000000003
14157,171.46
2857,171.44
669,171.43
16295,171.4
8852,171.37
152,171.37
5062,171.26
12351,171.24
3717,171.18
3197,171.17000000000002
12068,171.17
4106,171.15
3660,171.09
6594,171.09
11037,171.04000000000002
4275,171.0
17160,170.97
14015,170.96
17443,170.92
6438,170.87
17063,170.84
4309,170.82
13907,170.82
17019,170.75
10816,170.68
9012,170.63
2117,170.62
14343,170.62
13401,170.61
17107,170.57
4764,170.53
19897,170.49
15238,170.48000000000002
10574,170.48
1971,170.47
4041,170.45000000000002
18759,170.38
3083,170.37
16712,170.34
1455,170.33
9043,170.32
9567,170.3
9564,170.28
13995,170.16
4880,170.09
18918,170.09
10292,170.07
7286,170.04
11773,170.01
18856,169.97000000000003
3250,169.95000000000002
13539,169.86
774,169.84
22,169.83
7479,169.82
5057,169.8
586,169.78
13534,169.77
9188,169.74
1512,169.71
1593,169.66
9971,169.61
13800,169.6
8895,169.55
1588,169.54
1461,169.54
7240,169.49
19403,169.45
17881,169.43
14613,169.41000000000003
9807,169.39999999999998
1889,169.38
19271,169.3
14197,169.28
8033,169.19
9075,169.18
7430,169.15
708,169.14
11115,169.13
19001,169.11
16146,169.07
275,169.07
8783,169.01
15961,169.0
12269,168.95
410,168.95
14568,168.94
14333,168.93
15353,168.79
10413,168.74
17497,168.73
326,168.69
3445,168.68
12785,168.67000000000002
14802,168.66
11260,168.65
17853,168.65
16212,168.64000000000001
5777,168.63
543,168.63
3051,168.62
6170,168.58
14155,168.54
12670,168.53
10860,168.49
8383,168.46
7397,168.41
11717,168.39
3877,168.38
16118,168.36
18775,168.36
14989,168.35
17460,168.3
15774,168.29
16137,168.27
4599,168.27
12705,168.25
18316,168.24
1944,168.18
8118,168.17000000000002
3009,168.16
15868,168.16
7710,168.16
6730,168.11
18773,168.1
1964,168.09
6464,168.03
18469,168.0
2873,167.99
11973,167.95
8848,167.93
7902,167.92
10207,167.92
5642,167.91
15171,167.88
17149,167.85
1769,167.84
10524,167.82999999999998
10830,167.82
11525,167.82
4427,167.8
14485,167.77
7448,167.76
17577,167.76
17641,167.76
9989,167.75
12172,167.7
14724,167.7
3471,167.7
6727,167.69
9712,167.69
865,167.67000000000002
3399,167.64
17282,167.63
1318,167.56
4715,167.55
10021,167.55
2727,167.54
18254,167.53
8135,167.53
6872,167.48
15144,167.44
13543,167.41
14998,167.39
19516,167.38
14896,167.32
16282,167.29
11760,167.28
3753,167.24
946,167.22
3092,167.18
3961,167.15
5310,167.13
14499,167.1
19041,167.03
18478,166.99
7299,166.98
6908,166.86
2810,166.85
19514,166.78
6659,166.74
13685,166.74
14185,166.73999999999998
18584,166.65
2590,166.62
11450,166.56
2589,166.56
7113,166.48000000000002
5846,166.39
15303,166.38
11839,166.37
10684,166.36
2696,166.34
1069,166.33
5706,166.32999999999998
7539,166.3
3711,166.19
7085,166.18
3812,166.15
17630,166.11
13829,166.1
3136,166.05
15347,166.05
15028,165.97
15715,165.96
748,165.93
5357,165.89
12470,165.86
15376,165.81
13052,165.8
16417,165.78
2669,165.78
16818,165.75
4723,165.74
3002,165.73000000000002
5799,165.72
6056,165.67
10990,165.66
19062,165.64
7262,165.54
8638,165.5
8395,165.44
14680,165.42
19108,165.41
15650,165.32
15516,165.3
423,165.3
16840,165.24
7713,165.22
759,165.11
14606,165.11
5920,165.09
8724,165.06
13659,165.06
10554,165.06
6208,164.97
14760,164.94
12458,164.94
9694,164.91
11103,164.89999999999998
17661,164.83
19238,164.83
5297,164.67000000000002
10756,164.67
15579,164.56
1074,164.5
8343,164.5
10237,164.45
17128,164.41
9280,164.39
1544,164.37
14982,164.35
8459,164.34
19792,164.32999999999998
18419,164.32
18763,164.29
6180,164.26
17404,164.26
5056,164.22
5049,164.2
13540,164.2
17736,164.16
19251,164.16
18538,164.12
17491,164.09
15680,164.07999999999998
9874,164.04999999999998
19359,164.04999999999998
17213,164.01
8844,163.93
458,163.92000000000002
10922,163.92000000000002
17900,163.89
5610,163.84
1791,163.81
16954,163.79
2170,163.78
13906,163.74
15515,163.74
15870,163.7
7762,163.64
1299,163.62
16199,163.60999999999999
17974,163.57999999999998
13033,163.54
5383,163.48
9222,163.45
19752,163.36
7961,163.36
2328,163.36
12348,163.33
5232,163.3
1444,163.26000000000002
10523,163.26
19878,163.17000000000002
15529,163.1
19005,163.09
9811,163.07
2884,163.04
13280,163.04
15617,162.98
11654,162.95
9828,162.92
3504,162.86
9464,162.85
1252,162.84
2069,162.82
8814,162.79
4893,162.73000000000002
9944,162.65
13509,162.63
10416,162.55
339,162.55
1081,162.54
18547,162.45
17986,162.42
2773,162.41
5328,162.41
14769,162.4
5886,162.31
18848,162.3
16623,162.29000000000002
1928,162.26
18045,162.25
14154,162.23
1634,162.22
15860,162.22
2280,162.22
17994,162.20999999999998
16450,162.2
9738,162.17
3010,162.15
14525,162.13
5899,162.1
7098,162.01
8292,162.0
18103,161.97
1397,161.95999999999998
13479,161.92000000000002
2703,161.87
1663,161.84
9910,161.8
6095,161.76
9406,161.75
19417,161.75
16121,161.74
12984,161.72
14035,161.7
7422,161.69
2969,161.66
351,161.63
14761,161.63
18595,161.62
12385,161.6
15233,161.6
16292,161.6
13645,161.57999999999998
10065,161.57999999999998
6215,161.54000000000002
13181,161.53
7774,161.52
19179,161.43
1494,161.42000000000002
704,161.42
2435,161.36
9514,161.32
925,161.3
10890,161.25
16717,161.20000000000002
3940,161.2
4996,161.2
13077,161.17
6910,161.14
3820,161.14
13127,161.11
8755,161.03
5888,160.98
144,160.97
1335,160.97
123,160.86
7889,160.81
9599,160.8
121,160.79000000000002
1317,160.78
5800,160.76
10785,160.68
8354,160.66
10094,160.65
1213,160.64
14417,160.63
749,160.63
1913,160.60999999999999
9456,160.56
2268,160.54000000000002
19698,160.53
9078,160.51
17374,160.43
972,160.43
3931,160.39
6187,160.38
12968,160.3
2216,160.28
14378,160.28
16451,160.28
5489,160.17000000000002
11539,160.14
4955,160.12
18046,160.01
2607,160.0
10637,159.99
12235,159.96
3000,159.95
16036,159.91
19933,159.84
14875,159.8
5499,159.8
19941,159.77
14250,159.77
12266,159.70999999999998
19295,159.67000000000002
15330,159.59
5793,159.57
502,159.49
10754,159.47
14964,159.42000000000002
15722,159.41
9289,159.39
1794,159.38
19609,159.23
16950,159.2
16381,159.2
8189,159.15
3322,159.14999999999998
10233,159.11
16311,159.1
17412,159.1
18491,159.07
1258,159.06
18148,159.05
8999,159.02
2795,158.99
14061,158.99
7779,158.96
14296,158.96
2272,158.95999999999998
1173,158.85
11722,158.84
1739,158.8
13525,158.8
12207,158.71
6773,158.66
2577,158.64
8325,158.61
9127,158.59
3864,158.58
11571,158.57
13760,158.57
3003,158.54000000000002
11708,158.51
5867,158.51
3891,158.49
13333,158.39999999999998
7407,158.36
4964,158.28
18377,158.26999999999998
13403,158.22
12649,158.19
9245,158.17
11182,158.16
394,158.16
4692,158.16
2530,158.14999999999998
2408,158.14
17065,158.13
6165,158.0
2739,158.0
18700,157.96
16378,157.95
3307,157.94
7911,157.9
12412,157.84
15575,157.76
1164,157.72
13748,157.7
3121,157.69
4229,157.68
8905,157.58
16995,157.52999999999997
7080,157.49
11137,157.49
12156,157.42
10257,157.39
3364,157.38
16776,157.25
16516,157.23
2765,157.16
18473,157.15
15891,157.13
19242,157.07999999999998
1566,157.03
4227,156.98
6740,156.93
12798,156.91
19288,156.9
12804,156.88
6164,156.86
17947,156.84
13580,156.8
18278,156.79
10978,156.78
11198,156.76999999999998
11370,156.73
2010,156.69
19158,156.67000000000002
16910,156.62
14781,156.54
10655,156.53
10732,156.49
14500,156.47
8812,156.47
5306,156.31
4233,156.29
4280,156.27
19491,156.22
6837,156.21
7219,156.16
3553,156.07
12536,156.07
3822,156.05
18726,156.03
10238,156.03
9379,156.01999999999998
1038,156.0
3659,155.97
12953,155.95
13184,155.91
15998,155.88
6560,155.87
17542,155.85
5182,155.84
4301,155.82999999999998
3385,155.76
2222,155.74
14723,155.68
15307,155.59
17949,155.56
2074,155.56
2234,155.56
15601,155.55
18964,155.5
16961,155.48
8795,155.45000000000002
18574,155.37
2650,155.34
13062,155.29
11399,155.27
17770,155.24
13916,155.20999999999998
17499,155.19
12084,155.18
4222,155.17000000000002
9327,155.16
15309,155.1
6052,155.07
13299,155.06
8963,154.99
18649,154.9
5180,154.89
6467,154.88
1379,154.88
16974,154.87
6637,154.86
9597,154.83
10352,154.83
17616,154.82
9080,154.72
14319,154.70999999999998
9781,154.63
13315,154.62
11197,154.54999999999998
998,154.48
1208,154.48
17767,154.47
18122,154.34
3103,154.28
3272,154.2
19426,154.14
7570,154.1
4136,154.01000000000002
11532,153.98
16795,153.96
16012,153.83
889,153.82999999999998
11393,153.82
5785,153.81
1310,153.78
9263,153.76
12591,153.73000000000002
13692,153.65
5094,153.62
10652,153.6
18409,153.56
15918,153.52
6888,153.51
11092,153.48
1380,153.46
11823,153.43
6923,153.38
3311,153.34
14236,153.31
15459,153.3
14622,153.25
11524,153.25
17291,153.23
19722,153.22
6238,153.2
5388,153.17
3619,153.11
16930,153.07
7742,153.06
2720,153.06
12538,153.06
16131,153.05
15749,152.98
11696,152.91
1526,152.9
10522,152.88
5369,152.87
2091,152.78
7287,152.76999999999998
5123,152.75
1759,152.66
19245,152.59
19180,152.57999999999998
5082,152.57
13327,152.55
17454,152.55
1255,152.55
6426,152.54
8202,152.5
8313,152.46
7253,152.45999999999998
7439,152.45
19725,152.43
12893,152.39
13070,152.32
8039,152.31
14445,152.29
15469,152.28
5989,152.28
5948,152.21
16209,152.2
3727,152.18
9321,152.12
19089,152.05
1940,152.03
19951,151.98000000000002
10540,151.97
13146,151.86
9746,151.84
4241,151.82999999999998
3154,151.8
11999,151.8
12437,151.8
9088,151.78
17715,151.74
17436,151.72
16614,151.71
15406,151.7
8578,151.7
4819,151.66
16350,151.64
8893,151.47
15620,151.44
5956,151.42000000000002
7396,151.4
13653,151.33
10155,151.32999999999998
4437,151.32
4082,151.31
17922,151.31
15645,151.31
18297,151.29
19508,151.24
7106,151.22
18987,151.21
18997,151.18
9508,151.18
7646,151.16
17337,151.16
17120,151.15
8370,151.14
2511,151.14
7191,151.12
14139,151.12
5615,151.07999999999998
17514,151.04
16337,151.01
6483,151.0
6480,150.98
7718,150.95
12261,150.8
7572,150.76
15990,150.75
15258,150.71
18149,150.7
211,150.69
6524,150.67
11981,150.6
2643,150.53
17411,150.53
10000,150.46
10096,150.4
470,150.37
5120,150.37
2367,150.37
13721,150.32
18360,150.32
11353,150.29
18970,150.28
13228,150.27
7515,150.25
12863,150.24
7856,150.24
18910,150.23
11566,150.2
18349,150.17999999999998
15256,150.16
13870,150.1
8113,150.05
3030,150.04000000000002
9715,150.04
7470,150.01999999999998
18089,150.01999999999998
10129,149.99
15462,149.98
3776,149.98
1761,149.88
10521,149.79000000000002
5882,149.7
4325,149.64
9814,149.62
16636,149.59
12403,149.57
9433,149.54000000000002
12160,149.52
177,149.46
17231,149.42000000000002
8025,149.42000000000002
5911,149.4
1372,149.4
5650,149.39
3196,149.39
6094,149.37
18602,149.32
6154,149.29
13061,149.28
8716,149.26
1474,149.23
4456,149.22
12020,149.19
17916,149.17999999999998
2803,149.16
1978,149.13
7305,148.96
8201,148.95
7613,148.95
452,148.93
7111,148.92
4173,148.89
18681,148.85
11419,148.82
18353,148.78
19500,148.71
2680,148.69
3032,148.68
11754,148.64
13612,148.63
2922,148.61
3607,148.57
10398,148.57
8215,148.54
14190,148.54
16497,148.54
1642,148.5
12539,148.49
19424,148.49
15049,148.43
14517,148.37
5001,148.34
10870,148.32
2298,148.31
17758,148.26999999999998
6014,148.24
1439,148.23000000000002
3134,148.22
13743,148.14
19886,148.10999999999999
7337,148.1
11291,148.08
18387,148.02
12929,148.0
12909,147.88
19727,147.84
285,147.82
14773,147.81
7853,147.8
11740,147.78
18596,147.77
12276,147.73000000000002
15299,147.72
12714,147.72
19206,147.71
12257,147.69
5941,147.69
7926,147.69
11853,147.68
19429,147.64999999999998
8710,147.59
19171,147.58
13404,147.58
7099,147.57
18588,147.55
11629,147.52
6026,147.52
5855,147.51
2086,147.49
259,147.49
3237,147.37
10821,147.35999999999999
18315,147.29000000000002
10737,147.24
14655,147.22
17626,147.20999999999998
1757,147.19
17960,147.19
17882,147.18
17837,147.17
3843,147.14
2392,147.13
11836,147.12
3927,147.12
15533,147.09
215,147.06
1369,146.97
5195,146.96
17034,146.89
6194,146.88
4686,146.84
3218,146.84
7786,146.82
4520,146.79000000000002
13439,146.72
11187,146.68
12220,146.65
19397,146.65
823,146.63
9067,146.61
6255,146.59
11096,146.57
5493,146.55
2385,146.53
17137,146.46
7618,146.36
2014,146.36
15545,146.31
7932,146.3
19576,146.29
11962,146.25
11867,146.24
17428,146.24
8264,146.23
19102,146.21
5241,146.18
3168,146.18
9553,146.17000000000002
6607,146.14
12158,146.11
15996,146.1
13217,146.07999999999998
17409,146.07
855,146.07
6812,146.06
5497,146.05
9690,146.03
4905,146.03
9083,146.01
14767,145.99
2432,145.97
2337,145.93
14728,145.91
1958,145.9
453,145.88
18612,145.83
154,145.82999999999998
17046,145.82999999999998
1169,145.81
9272,145.8
15219,145.78
13950,145.77
899,145.76
19750,145.75
9475,145.72
14810,145.6
2797,145.57999999999998
11764,145.57
7610,145.56
19961,145.55
5301,145.47
6037,145.42000000000002
7575,145.42
16002,145.41
1145,145.37
14929,145.35000000000002
1284,145.32999999999998
610,145.29000000000002
4898,145.21
2440,145.19
10498,145.18
104,145.17000000000002
12481,145.16
14056,145.09
6581,145.0
7327,144.97
15277,144.97
15048,144.96
10511,144.95
7547,144.93
1947,144.84
14416,144.76
4897,144.75
9447,144.65
14513,144.6
1692,144.54
19958,144.48
1501,144.46
15265,144.43
11031,144.41
4578,144.39
3338,144.39
8300,144.32
3884,144.27
3950,144.23000000000002
17234,144.15
13247,144.15
17931,144.11
11423,144.07999999999998
12964,144.03
11888,143.97
11224,143.96
4153,143.95999999999998
10535,143.95
6018,143.95
18259,143.89
17729,143.86
1259,143.85000000000002
9865,143.84
16293,143.84
655,143.82999999999998
15653,143.82
6889,143.8
8391,143.79
5134,143.75
7494,143.68
6386,143.66
15662,143.63
4912,143.62
16349,143.61
1591,143.57999999999998
8096,143.57
8742,143.57
15968,143.56
5748,143.55
2287,143.52
13178,143.49
9189,143.48
9962,143.48
2000,143.42
18718,143.4
15556,143.4
2732,143.39
2368,143.36
10033,143.35
9271,143.32999999999998
15900,143.29000000000002
19252,143.27
4359,143.25
348,143.19
920,143.18
10189,143.16
18099,143.1
3318,143.07999999999998
10598,143.06
19983,143.06
16456,143.0
6891,142.99
13418,142.99
6294,142.96
7044,142.92
2742,142.92
16683,142.92
5602,142.9
9312,142.89
11544,142.87
9558,142.87
11436,142.75
3673,142.74
19626,142.74
804,142.7
2504,142.68
2775,142.65
11901,142.65
9469,142.62
19477,142.6
8482,142.54
3554,142.5
11573,142.49
11053,142.49
18328,142.46
10435,142.46
14710,142.43
6102,142.43
14405,142.41
549,142.38
3592,142.3
19004,142.26
13180,142.26
12662,142.26
2826,142.24
15635,142.24
10316,142.24
10046,142.23000000000002
6265,142.22
9698,142.21
17241,142.19
19686,142.19
19360,142.14
16059,142.13
17749,142.1
1894,142.01
8256,142.0
19531,141.93
16669,141.92
9163,141.87
12696,141.73
9282,141.71
5681,141.71
2125,141.66
8010,141.66
750,141.65
18468,141.61
7828,141.59
5893,141.56
2457,141.54
7556,141.45
9550,141.41
8937,141.39
17429,141.35
11314,141.34
18809,141.33
19624,141.27
7037,141.24
5833,141.23000000000002
3572,141.23
4808,141.18
11178,141.17000000000002
6987,141.16
13353,141.13
13191,141.12
8981,141.07
8729,141.07
14184,141.06
3675,141.03
6380,141.03
11964,140.98
892,140.94
13858,140.93
10638,140.91
10121,140.89
18930,140.87
5198,140.84
13291,140.83
10872,140.82
14044,140.8
10358,140.78
12260,140.77
8597,140.77
10862,140.77
13530,140.74
12626,140.73
14782,140.73
14648,140.71
3461,140.71
4908,140.68
14635,140.67
4828,140.65
10667,140.65
4009,140.59
3550,140.59
4748,140.51999999999998
4234,140.48000000000002
13639,140.48
18932,140.41
15038,140.39
12635,140.38
560,140.37
19138,140.35
7989,140.35
8698,140.34
8289,140.33
19644,140.3
2824,140.29
14842,140.28
4550,140.18
149,140.18
8695,140.1
16093,140.04
16354,140.0
9448,139.96
11299,139.9
12703,139.87
949,139.87
14563,139.87
12048,139.86
6916,139.85
6228,139.84
12410,139.81
15221,139.8
14735,139.77
19547,139.72
11332,139.7
584,139.67000000000002
16907,139.61
7431,139.55
6861,139.54
5997,139.49
9606,139.48
182,139.43
6081,139.38
1361,139.35
17836,139.32
12641,139.31
895,139.3
7542,139.27
3887,139.25
19170,139.25
18899,139.16
13845,139.15
3807,139.13
15275,139.13
13442,139.12
5436,139.11
12947,139.07
2293,139.05
8536,139.04
6457,139.04
828,139.04
11550,138.93
14216,138.92
11940,138.9
14914,138.88
2570,138.82999999999998
13512,138.79
6625,138.78
1338,138.77
3061,138.7
1982,138.68
16627,138.63
4538,138.63
18522,138.59
10692,138.58
7727,138.56
18669,138.55
14684,138.51
6846,138.44
18982,138.38
18413,138.38
7817,138.36
19409,138.32999999999998
18855,138.27
17483,138.22
14881,138.2
8585,138.2
201,138.19
16929,138.12
5626,138.1
17980,138.09
13454,138.07
1083,138.0
5727,137.97000000000003
3465,137.94
18745,137.94
15738,137.9
14990,137.88
19716,137.81
11060,137.79
3606,137.77
1991,137.76999999999998
9162,137.75
1407,137.72
19607,137.68
10683,137.67000000000002
3707,137.66
553,137.54
8320,137.52
15381,137.45
2099,137.39
14512,137.38
15936,137.38
6947,137.36
9822,137.3
8332,137.27
14397,137.17000000000002
5763,137.17
14182,137.16
7728,137.12
14503,137.07
3594,137.02
16365,136.98
7583,136.98
4049,136.98
7490,136.93
15013,136.92
3376,136.87
5609,136.86
19735,136.85
2422,136.85
5174,136.84
6664,136.8
3625,136.78
13537,136.74
5891,136.7
19408,136.67
588,136.67
8335,136.63
4513,136.63
11830,136.55999999999997
10945,136.54999999999998
17533,136.54
14162,136.52
14545,136.51
4026,136.48000000000002
7020,136.47
6030,136.47
16193,136.44
12966,136.39
17345,136.38
7136,136.34
3636,136.33
12751,136.3
3149,136.27
4177,136.27
15101,136.25
15120,136.24
18461,136.16
5385,136.15
17178,136.12
13414,136.10999999999999
5675,136.1
4710,136.09
2017,136.08
11929,136.08
6373,136.06
15385,136.05
9434,136.04
17581,136.01
17803,136.01
15864,136.0
5216,135.97
14967,135.97
3691,135.97
1482,135.97
9143,135.91
17721,135.82999999999998
17883,135.81
16695,135.81
18660,135.8
8247,135.77
12195,135.76
10864,135.67000000000002
1904,135.67000000000002
15271,135.66
1547,135.63
19879,135.61
4130,135.49
16021,135.48
10955,135.42
9290,135.36
10114,135.36
235,135.36
5972,135.34
19060,135.34
8765,135.31
9167,135.3
7393,135.26
11129,135.25
1972,135.19
9572,135.18
12926,135.15
11156,135.14
5879,135.13
7752,135.11
5246,135.11
7280,135.09
10672,135.07
3856,135.04
15367,135.04
5047,135.02
882,135.02
13318,135.0
1621,134.99
15438,134.91
13348,134.89
12059,134.89
19503,134.87
4088,134.87
9669,134.85000000000002
8075,134.81
14806,134.75
8203,134.74
16309,134.73000000000002
6207,134.73
17266,134.71
3174,134.7
7628,134.67000000000002
19523,134.65
17598,134.64
12212,134.62
14117,134.53
16154,134.53
14280,134.51999999999998
19352,134.51
5841,134.31
4239,134.27
13797,134.25
3152,134.24
9384,134.19
14579,134.06
9585,134.05
5141,134.0
9769,134.0
160,133.99
11267,133.98
19139,133.95
3795,133.95
10881,133.91
9503,133.9
18981,133.89000000000001
18980,133.87
10812,133.83
7144,133.8
1657,133.74
18442,133.72
17248,133.7
1114,133.7
15097,133.69
8452,133.67000000000002
13844,133.66
1520,133.65
6111,133.59
11286,133.59
11489,133.51999999999998
14414,133.51
19201,133.45000000000002
413,133.44
7353,133.41
11723,133.38
17356,133.38
19685,133.36
10712,133.31
13691,133.31
14120,133.28
11802,133.27
9733,133.26
13385,133.24
9008,133.22
7877,133.19
6769,133.19
6526,133.18
4754,133.17000000000002
16461,133.17000000000002
19072,133.17
6389,133.16
18914,133.15
16876,133.12
7438,133.07
18020,133.03
14098,133.03
14939,133.02
7408,133.0
11357,132.94
11878,132.91
19670,132.89
873,132.88
3377,132.86
2736,132.81
11954,132.79000000000002
1822,132.77
7446,132.77
4031,132.74
13898,132.74
3452,132.73000000000002
70,132.72
19669,132.7
6808,132.69
9543,132.68
16475,132.66000000000003
11245,132.66
7502,132.63
17399,132.58
19955,132.57
5476,132.54
6905,132.51
19344,132.44
15800,132.43
19692,132.42
10518,132.39
7383,132.38
19210,132.35
1300,132.34
15818,132.27
8455,132.26
18575,132.26
12913,132.25
17568,132.24
10163,132.23000000000002
9815,132.2
13407,132.15
13551,132.14000000000001
14320,132.1
8312,132.06
1907,132.06
5511,132.01999999999998
6346,131.96
784,131.89
9829,131.89
18772,131.87
13276,131.84
7684,131.82999999999998
8462,131.73
7461,131.72
10967,131.7
1886,131.67
18758,131.66
6589,131.66
14948,131.66
4428,131.62
10234,131.61
7176,131.6
19592,131.45999999999998
5433,131.44
1056,131.44
10961,131.42000000000002
4189,131.41
11820,131.38
9178,131.35
4104,131.34
16579,131.29
17673,131.23000000000002
6147,131.2
8656,131.16
19366,131.16
9702,131.15
5880,131.12
15250,131.11
8439,131.1
8512,131.07
3670,131.06
6903,131.02
18907,131.01999999999998
4737,131.0
13888,131.0
2418,130.92000000000002
9095,130.92
12906,130.89
18346,130.82
15925,130.8
4510,130.68
19322,130.68
5774,130.65
17921,130.63
2022,130.60999999999999
6344,130.58
7736,130.55
7152,130.55
6518,130.54
8371,130.5
8124,130.42
14775,130.34
17875,130.26
4904,130.26
10571,130.25
8824,130.24
10718,130.24
13006,130.24
18808,130.24
8622,130.15
666,130.15
14249,130.15
14888,130.14
7590,130.11
8436,130.11
1175,130.08
7904,130.03
2823,130.03
332,130.03
4160,129.94
11711,129.85
19002,129.85
15694,129.85
4254,129.84
18992,129.83
8730,129.81
3804,129.81
17899,129.81
9866,129.77
15373,129.74
16654,129.73
12699,129.7
2876,129.69
13136,129.69
14995,129.66
12643,129.66
14267,129.65
1840,129.64
8639,129.6
6443,129.56
6628,129.44
12851,129.38
9871,129.38
4998,129.37
19458,129.31
1414,129.27
2709,129.24
5857,129.23
9125,129.19
5088,129.18
3990,129.18
17596,129.14
13234,129.12
6283,129.12
13840,129.09
8540,129.03
12123,128.99
14396,128.97
768,128.97
13221,128.97
17072,128.97
7076,128.95
15926,128.89999999999998
18405,128.87
931,128.86
17463,128.85999999999999
18953,128.84
10489,128.81
5599,128.69
2331,128.67
9476,128.65
8993,128.62
5795,128.62
18261,128.62
9096,128.61
18771,128.61
11108,128.60999999999999
9383,128.56
16555,128.55
14130,128.54
9569,128.52
17844,128.49
18034,128.48
4300,128.46
1702,128.37
11520,128.33
673,128.32999999999998
7947,128.24
16807,128.24
3503,128.24
8899,128.19
12344,128.18
4787,128.18
14404,128.15
2985,128.15
5378,128.1
14274,128.09
3569,128.04
3906,128.02
9717,127.88
1240,127.86000000000001
14205,127.85000000000001
17599,127.85
15476,127.84
8184,127.8
10400,127.78
6751,127.77000000000001
2771,127.74000000000001
5776,127.72
15826,127.7
4825,127.63
9285,127.54
18956,127.53
16332,127.52
8157,127.47
8654,127.47
11503,127.45000000000002
3576,127.44
19141,127.42
16275,127.38999999999999
14146,127.33
14479,127.31
15162,127.28999999999999
16082,127.26
12910,127.26
14793,127.26
2708,127.22
14570,127.18
19520,127.17
18888,127.13
17819,127.12
478,127.07
3628,127.03999999999999
672,127.01
2044,126.97
9911,126.96
17575,126.95
2036,126.83
93,126.78
1442,126.73
1351,126.71
10184,126.68
299,126.67
14730,126.64
1491,126.64
5397,126.61
18675,126.59
16878,126.57
3393,126.57
5161,126.55
11327,126.51
9902,126.45
17048,126.41
13733,126.39000000000001
4532,126.34
17654,126.34
4505,126.33
2662,126.28999999999999
10500,126.28
18193,126.26
15808,126.17999999999999
18518,126.16
12627,126.16
8618,126.16
9453,126.14
10710,126.13
8556,126.11
6100,126.03
10008,125.87
17613,125.87
3249,125.85
17956,125.84
7181,125.83
4419,125.82000000000001
14034,125.78
12267,125.72
13269,125.7
15958,125.64
8726,125.6
16537,125.59
1888,125.56
13090,125.55
17560,125.55
15242,125.53
16853,125.5
456,125.47
15676,125.44
18894,125.44
17670,125.39
3983,125.38000000000001
3662,125.28999999999999
11510,125.26
15249,125.26
2740,125.18
14520,125.16999999999999
4036,125.11
13781,125.03999999999999
6834,124.97999999999999
16779,124.97
18954,124.96
11142,124.88
4911,124.88
8074,124.85999999999999
12783,124.82000000000001
17256,124.81
18084,124.81
18280,124.78
1445,124.71
14822,124.7
16729,124.68
3666,124.66999999999999
9440,124.65
8103,124.64999999999999
2964,124.62
6306,124.61
11583,124.59
9129,124.56
5689,124.55
14167,124.49
4457,124.43
5242,124.42
12485,124.38
18350,124.32000000000001
19459,124.26
8276,124.24
12879,124.18
2584,124.12
16828,124.11
10255,124.06
6008,124.03999999999999
14097,123.96000000000001
7447,123.94
11984,123.94
4802,123.94
4938,123.94
10833,123.93
7712,123.92
7753,123.92
4206,123.91
5850,123.84
7735,123.83
7891,123.8
1516,123.74
8595,123.69
2766,123.63
1413,123.58
3838,123.55000000000001
19776,123.53999999999999
14848,123.53
4506,123.53
8282,123.51
14587,123.5
1295,123.45
7276,123.39999999999999
2478,123.36
6763,123.36
204,123.35
10766,123.35
4971,123.26
994,123.24000000000001
12882,123.24000000000001
17893,123.17
14999,123.11
15557,123.1
11577,123.1
15179,123.07000000000001
8541,123.05
13491,123.03
16839,122.99
16149,122.97
2350,122.91
3749,122.91
1265,122.86
17319,122.83
9825,122.80000000000001
13856,122.74000000000001
19857,122.74
17112,122.73
130,122.73
7273,122.71
7532,122.69999999999999
10438,122.67
7465,122.64
17860,122.6
5122,122.56
17624,122.53999999999999
519,122.53
6020,122.53
2860,122.53
15641,122.51
10150,122.51
6361,122.51
9,122.51
12585,122.5
403,122.44
422,122.43
5005,122.42
6860,122.42
19815,122.42
19254,122.39000000000001
10861,122.36
7108,122.35
10834,122.33
6590,122.32
5751,122.30000000000001
1962,122.29
3414,122.23
4694,122.22999999999999
8188,122.22
17431,122.2
8186,122.17
6920,122.16
2075,122.11000000000001
12066,122.11
17221,122.04
13105,122.03
9691,121.96000000000001
13445,121.92
13694,121.84
6762,121.75
15184,121.74
19910,121.74
9873,121.73
12479,121.73
7695,121.72
2245,121.72
4182,121.7
12600,121.67000000000002
5974,121.67
16922,121.66
15822,121.64
5556,121.63
9867,121.59
11891,121.58
7720,121.58
6775,121.58
18274,121.57
15805,121.53
16055,121.50999999999999
14128,121.48
7784,121.47
1776,121.45
4108,121.43
5909,121.4
11435,121.35
11329,121.32000000000001
15133,121.3
13736,121.28999999999999
8793,121.25
16280,121.25
17490,121.23
17339,121.21000000000001
5341,121.16
15847,121.16
10450,121.14
14151,121.13
4289,121.13
13774,121.11
13804,121.06
7059,121.06
18566,121.02000000000001
7605,120.98
4522,120.95000000000002
658,120.95
390,120.95
13741,120.93
9081,120.83
1487,120.81
8121,120.76
14442,120.63
3614,120.59
16804,120.59
5070,120.53
3914,120.47999999999999
7429,120.44
5073,120.43
2502,120.39000000000001
12941,120.39
11191,120.39
4468,120.38
18374,120.37
3597,120.26
6533,120.26
19728,120.25999999999999
9765,120.24000000000001
13783,120.19
13994,120.19
10366,120.18
9330,120.11000000000001
4651,120.08
1893,120.07
4417,120.03
15542,120.02000000000001
16573,120.0
6266,120.0
5114,120.0
17510,119.97
15047,119.96000000000001
15342,119.96
19633,119.95
13434,119.94
19593,119.92
1423,119.91
5919,119.9
12934,119.89
16270,119.89
10602,119.84
11627,119.83
9279,119.83
18747,119.82
19474,119.79
8408,119.78999999999999
10570,119.75999999999999
7692,119.72
18840,119.71
2506,119.68
19658,119.65
9147,119.63
16236,119.58
14595,119.58
3679,119.54
5205,119.53
7334,119.53
7659,119.52
10646,119.51
9598,119.47
16419,119.43
6128,119.41999999999999
19505,119.38
12050,119.36000000000001
4102,119.36
3145,119.34
7929,119.32
959,119.32
15040,119.31
1838,119.24000000000001
8855,119.23
8804,119.2
12514,119.19
17871,119.17000000000002
4969,119.16000000000001
11079,119.14
10320,119.14
10479,119.11
2713,119.04
569,119.02
16703,118.97
13635,118.91
16079,118.86
7292,118.85
197,118.83000000000001
18514,118.83
1846,118.83
17090,118.83
14432,118.78
4910,118.78
14561,118.77
9935,118.71
13290,118.71
4569,118.7
11460,118.66
5018,118.66
16406,118.63
12721,118.63
1708,118.58000000000001
11934,118.57
14259,118.56
10335,118.52
2612,118.51
3224,118.48
6383,118.48
15251,118.47
5537,118.42
9655,118.42
2498,118.41999999999999
12483,118.37
1352,118.35
11494,118.34
13651,118.34
16723,118.32
17182,118.3
1753,118.29
11350,118.21
14694,118.16
6595,118.15
6512,118.14
7356,118.14
15312,118.14
2675,118.14
3290,118.13
12800,118.09
2598,117.99
13028,117.94
9921,117.93
1290,117.91
19480,117.91
18705,117.9
19236,117.89
11710,117.88
5562,117.86
11318,117.86
12875,117.83
11930,117.81
3968,117.81
12039,117.79
13884,117.78
2859,117.77
11887,117.75
3357,117.7
13799,117.65
1366,117.65
10906,117.64
9017,117.58
7282,117.48
371,117.47
7093,117.47
6507,117.46
12251,117.42
1323,117.41
18707,117.37
6000,117.36
3505,117.34
5583,117.24
6823,117.24
12814,117.2
12655,117.19999999999999
5398,117.19
16799,117.17000000000002
2718,117.16
5713,117.16
13285,117.13
12940,117.10000000000001
945,117.1
5637,117.07
13063,117.07
11199,117.06
11461,117.05
1861,117.0
3558,116.98
10101,116.96
7694,116.91999999999999
17130,116.9
11246,116.88
11643,116.88
12297,116.87
3359,116.78
8634,116.77
6049,116.76
8218,116.75999999999999
14074,116.75999999999999
5535,116.75
740,116.75
12744,116.74000000000001
6236,116.73
6200,116.71000000000001
17203,116.7
3954,116.69
13684,116.69
16544,116.66
4023,116.64
11451,116.62
13789,116.61000000000001
19562,116.61
6554,116.57
229,116.54
7531,116.52000000000001
6778,116.48
13486,116.47
8996,116.44999999999999
13025,116.43
15768,116.37
3412,116.35
14072,116.33
9707,116.32000000000001
9229,116.31
6376,116.31
1135,116.31
12693,116.3
16619,116.27000000000001
14338,116.25
3617,116.25
18246,116.25
8274,116.22
12559,116.2
523,116.15
2404,116.15
17718,116.15
17507,116.13
17098,116.12
7840,116.11
19273,116.09
12981,116.04
13169,115.96
12323,115.93
13134,115.93
2275,115.89000000000001
7514,115.8
2729,115.75999999999999
16889,115.75
10164,115.72
6981,115.71000000000001
10611,115.7
3382,115.69
2625,115.67
6971,115.67
15504,115.64
11424,115.64
10580,115.59
11858,115.59
4201,115.57
19040,115.57
15020,115.51
19976,115.48
19132,115.43
10017,115.42
9246,115.39
9257,115.39
1,115.38999999999999
15451,115.36
16063,115.35
6009,115.34
10678,115.33000000000001
11468,115.29
5338,115.26
4966,115.24000000000001
171,115.21000000000001
1283,115.21
7958,115.14
15983,115.11
13376,115.11
18776,115.1
2935,115.09
19515,115.06
17585,115.05000000000001
19567,115.04
308,115.01
3831,114.98
4336,114.98
14755,114.89
14709,114.8
912,114.78
12440,114.74
7463,114.72
14876,114.68
17232,114.65
19810,114.64999999999999
4952,114.64
7379,114.63
6010,114.62
15192,114.42
3273,114.39
3278,114.39
11911,114.37
14688,114.31
6596,114.31
10363,114.22
12389,114.2
7166,114.18
8004,114.09
269,114.08
1235,114.02000000000001
17167,113.97
11948,113.88
9085,113.82
4886,113.81
13805,113.81
11466,113.77000000000001
14972,113.77000000000001
14486,113.77
8432,113.77
10422,113.75
13100,113.74
13455,113.73
17294,113.72
15276,113.69
2984,113.61
9134,113.58
18271,113.56
8503,113.56
13727,113.56
9843,113.55
2092,113.52
18736,113.46
16483,113.45
4294,113.38
11866,113.38
18123,113.32
4733,113.32
3744,113.31
8588,113.28999999999999
18557,113.27
4991,113.27
711,113.27
13394,113.24
19830,113.22
13961,113.2
17316,113.17
8885,113.14
11366,113.13
7698,113.10000000000001
5698,113.07
17350,113.05000000000001
13826,112.97999999999999
9090,112.97
12782,112.96000000000001
6227,112.95
15655,112.92
8414,112.87
5612,112.75
1216,112.75
8126,112.72999999999999
297,112.72
9616,112.65
5736,112.54
12482,112.54
4605,112.53
11467,112.52
8095,112.5
3191,112.48
15577,112.43
2218,112.41999999999999
17886,112.4
14586,112.38
17030,112.38
19672,112.37
17573,112.3
17477,112.25
12756,112.23
11315,112.19
5533,112.18
16659,112.13
3366,112.10000000000001
5824,112.06
2377,112.03
16304,112.00999999999999
16585,112.0
18311,111.93
11063,111.92
6007,111.9
3253,111.9
1141,111.89999999999999
14067,111.88
17530,111.86
7010,111.84
2342,111.75
13545,111.74
3947,111.68
1066,111.57
4330,111.5
8260,111.49000000000001
4913,111.49
12740,111.49
18226,111.44
1832,111.41
18043,111.31
16112,111.3
14329,111.28
13399,111.27
9705,111.27
6012,111.27
5478,111.25
10875,111.24000000000001
7307,111.24000000000001
2353,111.23
7385,111.22
278,111.18
18493,111.16
3686,111.05
13236,110.98
4425,110.97
12921,110.96000000000001
11599,110.9
7522,110.89
19856,110.88
7734,110.88
3894,110.84
2858,110.84
17488,110.84
10905,110.84
14577,110.79
11672,110.77000000000001
9409,110.77000000000001
16916,110.75
3571,110.73
8572,110.72999999999999
2045,110.72
7019,110.69
15436,110.69
9323,110.69
13081,110.69
7555,110.69
15370,110.66000000000001
9540,110.59
527,110.59
5140,110.59
2391,110.55
4008,110.54
12657,110.52000000000001
2351,110.48
2551,110.48
3156,110.37
15626,110.34
19967,110.34
13761,110.33
11397,110.32
12339,110.28
10877,110.27
2664,110.26
10040,110.25
5649,110.24000000000001
3773,110.22
19623,110.22
15474,110.21
6465,110.19
13106,110.18
4402,110.16
8016,110.14
16344,110.08
4331,110.04
18922,110.02000000000001
2730,110.02
5365,109.96
11821,109.94999999999999
1858,109.92
1586,109.89
17990,109.89
1462,109.86
2210,109.83000000000001
14624,109.83
10158,109.78
1788,109.77
9741,109.72999999999999
11785,109.72999999999999
18989,109.71
479,109.67
9645,109.66
3028,109.65
19380,109.65
17465,109.60000000000001
7708,109.58
8696,109.57
16333,109.52
3905,109.49
6233,109.48
15186,109.48
668,109.45000000000002
1274,109.44
9528,109.44
16542,109.44
19539,109.41
2322,109.37
10011,109.33000000000001
11017,109.33
6391,109.33
190,109.31
10488,109.28
7880,109.27
10528,109.26
1641,109.25
7324,109.17
11495,109.16
2761,109.16
6203,109.08
8534,109.05
682,109.01
4540,109.00999999999999
12957,109.0
19269,108.98
5921,108.98
18656,108.91000000000001
14106,108.88
12289,108.86
4688,108.85
8509,108.82
2441,108.81
10314,108.81
16616,108.78
5519,108.78
15720,108.75
222,108.74
1939,108.72999999999999
1862,108.72
1777,108.71000000000001
13619,108.71000000000001
16437,108.64
18622,108.61
17139,108.6
19033,108.59
2055,108.57000000000001
15015,108.55
7962,108.52
2290,108.50999999999999
52,108.4
3089,108.39
3280,108.36
9269,108.34
7683,108.31
1391,108.27
18671,108.25
14862,108.24000000000001
18959,108.17
15966,108.17
11746,108.17
879,108.17
7624,108.1
11567,108.09
6120,108.07
18172,108.06
17061,108.06
4511,108.05
13066,108.0
19036,107.99000000000001
15790,107.98
3507,107.89
6668,107.85
12241,107.81
1124,107.78999999999999
12745,107.67
19017,107.65
782,107.64
13981,107.64
13499,107.61
19968,107.61
16933,107.61
18967,107.60000000000001
408,107.6
15203,107.58
3704,107.57000000000001
1158,107.54
8928,107.54
9248,107.54
922,107.54
18499,107.49000000000001
9044,107.46000000000001
12021,107.46
14079,107.43
19376,107.4
18126,107.38999999999999
3984,107.38000000000001
2204,107.32
4214,107.28999999999999
7274,107.23
4972,107.22
4607,107.09
13103,107.09
3023,107.09
1285,107.07
9318,107.03999999999999
2113,107.02
15775,107.0
15735,106.99
15010,106.98
12619,106.96
15521,106.94
2890,106.94
2659,106.9
18513,106.78999999999999
3965,106.76
16147,106.74
17858,106.72999999999999
10027,106.64999999999999
6934,106.64
7843,106.63
9161,106.61
16927,106.60000000000001
2497,106.6
7388,106.56
7309,106.54
12506,106.51
1438,106.5
6156,106.49
6285,106.43
15336,106.41
192,106.4
10440,106.33000000000001
2509,106.31
14108,106.28
5831,106.25
3457,106.22
8019,106.18
16489,106.16
2241,106.12
1333,106.1
16484,106.08
8820,106.07000000000001
15091,106.07000000000001
14832,106.07
1726,106.02
7223,105.98
15506,105.98
7177,105.96000000000001
7636,105.93
8464,105.85000000000001
16992,105.85
1837,105.85
7394,105.82000000000001
4197,105.81
9531,105.79
11306,105.75
3878,105.73
13663,105.72999999999999
10661,105.71000000000001
19316,105.71000000000001
7061,105.68
8319,105.66
13227,105.58
6686,105.54
17792,105.53999999999999
14651,105.52
17600,105.5
15497,105.49
18523,105.42999999999999
11440,105.42
19432,105.41
18006,105.39
10623,105.38
18532,105.36999999999999
9930,105.35
14367,105.32
17683,105.25
8008,105.24
12691,105.22
425,105.2
5678,105.2
4215,105.2
16229,105.17
18937,105.15
14073,105.12
16545,105.11000000000001
19345,105.11
4345,105.11
13125,105.09
16814,105.08
13516,105.07
7672,105.04
6690,105.04
19211,104.98
4738,104.97
8658,104.96
5009,104.91
8734,104.89
2549,104.88
10630,104.87
5788,104.86
373,104.84
9142,104.78
18738,104.75
17110,104.71000000000001
19940,104.7
15971,104.68
7369,104.65
12712,104.63
17562,104.63
12504,104.63
4948,104.6
2704,104.6
12099,104.59
13107,104.55
7348,104.54
3450,104.54
10515,104.53
15852,104.47
12890,104.47
14264,104.46
17382,104.44999999999999
13706,104.42
8701,104.42
7655,104.41
15817,104.4
16513,104.4
14335,104.36
2882,104.31
3401,104.27
19787,104.25
18725,104.23
7630,104.23
8797,104.22
3792,104.21
18111,104.19
12818,104.18
200,104.17
924,104.16
14527,104.12
960,104.08
2910,104.07000000000001
8566,104.07
3847,104.04
5483,104.0
9274,103.99
585,103.97999999999999
19225,103.94999999999999
16789,103.94
16294,103.94
6288,103.92
4423,103.92
13586,103.91
13963,103.9
10074,103.88
5878,103.82000000000001
14537,103.79
16482,103.73
17166,103.68
6175,103.66
18728,103.66
11680,103.65
11705,103.65
5682,103.65
11774,103.65
4766,103.64
3102,103.64
12225,103.62
1179,103.56
12379,103.55
1232,103.55
17115,103.53
18806,103.5
8502,103.48
10258,103.48
17100,103.47
4293,103.44999999999999
681,103.44
3997,103.42
18998,103.42
1983,103.41
5004,103.38
9019,103.33
16056,103.30000000000001
2998,103.3
1849,103.17
9771,103.14999999999999
16898,103.14000000000001
686,103.14
18655,103.12
13559,103.11999999999999
12709,103.07
14720,103.06
13119,103.04
17586,102.99000000000001
3819,102.97
16857,102.96
16519,102.94
4071,102.92
8589,102.89
12016,102.85
1245,102.83
10019,102.81
15261,102.78
4502,102.76
1219,102.76
7971,102.72
11968,102.7
13851,102.68
17870,102.68
4387,102.67
18323,102.66
18057,102.66
5276,102.65
9549,102.58
17738,102.53
5184,102.51
19186,102.50999999999999
11025,102.49000000000001
18843,102.46000000000001
8537,102.34
5128,102.31
14973,102.30000000000001
4037,102.3
17617,102.26
17807,102.24
13566,102.24
13128,102.21000000000001
16016,102.2
11730,102.19
3969,102.17
699,102.16
4815,102.13
15181,102.12
10143,102.09
6544,102.09
712,102.08
15587,102.08
15183,102.05
16066,102.03
9851,102.01
1346,102.01
5186,102.0
8219,101.99
18559,101.89
5315,101.85
5425,101.81
18177,101.81
19136,101.8
3404,101.8
9474,101.79
11908,101.73
13018,101.67
11845,101.63
8774,101.60999999999999
15691,101.60000000000001
106,101.59
3189,101.56
17086,101.53
2186,101.52
16099,101.48
3725,101.44
3113,101.44
2052,101.42
19763,101.3
10946,101.26
8859,101.25999999999999
12102,101.25999999999999
15392,101.21
4139,101.19999999999999
14844,101.14
2701,101.12
7587,101.11
14821,101.07
19898,101.06
827,101.03
944,101.03
6290,101.03
15163,101.02
2479,100.97
1960,100.96000000000001
16140,100.93
11812,100.9
1203,100.88
11354,100.88
3402,100.88
13641,100.86
4943,100.83
9677,100.81
602,100.77
2533,100.72
12187,100.62
2822,100.53999999999999
13609,100.53
18203,100.47
10682,100.44999999999999
7440,100.43
15096,100.42
4171,100.42
15675,100.37
16363,100.3
16015,100.3
11673,100.27000000000001
10360,100.24000000000001
8026,100.23
13550,100.19
9156,100.16999999999999
16872,100.13
8131,100.08
18269,100.07000000000001
224,100.07
2777,100.05
1524,100.04
10116,100.03999999999999
18984,100.03
4170,100.02
17272,100.00999999999999
16926,100.0
4476,100.0
1825,99.98
8125,99.96
8956,99.87
17939,99.86000000000001
8624,99.82
1718,99.8
14334,99.76
3312,99.76
3844,99.74000000000001
16443,99.7
12764,99.66000000000001
12590,99.66
12335,99.66
2465,99.63
7185,99.56
6123,99.53999999999999
13510,99.49000000000001
14026,99.4
2687,99.4
12449,99.38
8495,99.35
12773,99.3
18797,99.3
16376,99.27000000000001
3478,99.27
18897,99.25
796,99.18
12024,99.15
13860,99.14
2326,99.14
16383,99.13
13053,99.12
4183,99.09
15159,99.09
8430,99.02
7574,99.00999999999999
17420,98.99
19058,98.99
16908,98.97
12166,98.97
990,98.96000000000001
10542,98.95
19668,98.9
7258,98.9
4883,98.83
19230,98.80000000000001
13286,98.78
6441,98.76
10579,98.75
6811,98.7
6650,98.68
13498,98.68
3199,98.68
8359,98.61
16065,98.59
803,98.59
8735,98.54
13496,98.51
19504,98.49
16035,98.47
19031,98.46
10868,98.46
16587,98.44
19405,98.44
7008,98.41
6309,98.4
5676,98.4
12978,98.36
1882,98.34
14435,98.25999999999999
6825,98.25
2676,98.22
10210,98.21
12302,98.19
1711,98.15
10800,98.14999999999999
11869,98.14
3259,98.12
10311,98.12
3354,98.1
2579,98.0
19797,97.95
16215,97.95
10252,97.94
2195,97.94
14746,97.93
9349,97.93
13699,97.91
8543,97.9
356,97.89
2400,97.86
1701,97.84
13647,97.83
1035,97.74000000000001
6076,97.72999999999999
2019,97.69
15748,97.68
2595,97.67
3058,97.62
2651,97.53999999999999
10960,97.47
10763,97.47
17438,97.46000000000001
2112,97.43
715,97.43
5025,97.42
19174,97.41
11047,97.4
4995,97.38
57,97.38
4956,97.37
10418,97.36
19828,97.36
13984,97.36
16243,97.35
4483,97.34
7568,97.33
4769,97.33
466,97.30000000000001
4609,97.3
4646,97.28
10956,97.26
19622,97.25
3721,97.25
10586,97.13
11189,97.11
18502,97.05
14222,97.02000000000001
7493,96.98
3653,96.96
2292,96.93
5552,96.93
16503,96.91
5885,96.9
15726,96.9
11975,96.87
5568,96.87
8086,96.85999999999999
13216,96.82
7,96.81
15308,96.8
16881,96.79
4221,96.72
7475,96.65
6723,96.64
19330,96.59
10117,96.59
7124,96.58
17913,96.57
2425,96.56
9635,96.53
7773,96.53
7376,96.53
18153,96.51
248,96.51
17877,96.48
16526,96.47
1511,96.44
7838,96.42
13798,96.41999999999999
11324,96.35
10793,96.33
16730,96.33
6225,96.32
13078,96.3
16510,96.3
14889,96.29
14119,96.22999999999999
4368,96.19
11602,96.06
4862,96.01
16345,96.0
5546,95.95
6725,95.9
18432,95.82
10296,95.79
7467,95.77
3762,95.65
1589,95.64
15755,95.62
10915,95.61
979,95.6
18804,95.52000000000001
18462,95.52
10230,95.49000000000001
4587,95.49
16408,95.47
14160,95.46000000000001
6367,95.46000000000001
1356,95.46
11405,95.44999999999999
7052,95.36
9763,95.36
11926,95.35
3200,95.35
16937,95.33
8275,95.28
15149,95.23
3701,95.22
11646,95.19
9983,95.18
2107,95.18
2524,95.17
15802,95.17
1365,95.16
14174,95.12
6199,95.11
13339,95.1
12113,95.1
2789,95.08
1420,95.05
4741,95.02
9978,95.00999999999999
19166,94.97
5119,94.96
13075,94.94
12279,94.9
1118,94.85
6139,94.83
3778,94.81
9410,94.8
3086,94.8
4046,94.79
13931,94.78
12049,94.78
2228,94.77
6853,94.71
2100,94.7
15405,94.69
17762,94.69
19338,94.68
14349,94.68
8907,94.67
18391,94.67
10343,94.66
14661,94.62
6870,94.62
1166,94.57
12771,94.56
10883,94.5
15752,94.49
14242,94.46000000000001
13211,94.41
3302,94.4
1540,94.38
1992,94.38
17439,94.38
6399,94.38
19537,94.37
5996,94.33
18456,94.33
19065,94.32000000000001
1985,94.32
7867,94.31
1224,94.29
8393,94.28999999999999
9046,94.25
9605,94.25
930,94.24
17896,94.23
9790,94.23
18715,94.23
6331,94.21
13340,94.2
16039,94.14
13605,94.10000000000001
7298,94.07
18474,94.07
15514,94.04
10919,94.04
5749,94.03
7528,93.97999999999999
14558,93.92
7768,93.9
8762,93.88
16557,93.85
17707,93.84
8105,93.8
8428,93.79
2486,93.78
6952,93.76
11217,93.73
10720,93.66
7814,93.63
17623,93.57
6061,93.49
3890,93.45
10501,93.41
17105,93.33
3500,93.31
14518,93.28
4154,93.26
11691,93.26
1041,93.25
4113,93.22
7213,93.2
6735,93.2
17557,93.17
18508,93.13
8259,93.1
7730,93.07
576,93.06
17787,93.06
14895,93.05000000000001
10940,93.02
12569,92.94999999999999
19216,92.94
2411,92.93
19327,92.92
5214,92.9
13335,92.87
12035,92.82
6406,92.8
4175,92.77
9204,92.77
17854,92.74
789,92.61000000000001
17370,92.6
9414,92.58
9537,92.53
9026,92.51
16225,92.51
18891,92.51
2940,92.46000000000001
2630,92.45
3021,92.43
1555,92.42
17228,92.39999999999999
13037,92.39
7229,92.38
1473,92.32
7034,92.3
13049,92.2
15252,92.17
15352,92.16
16521,92.13
15111,92.11
9315,92.11
8648,92.03
2928,92.03
16181,92.02
14981,91.99
3570,91.97
14580,91.9
12955,91.88
11273,91.84
7060,91.84
2209,91.82
14791,91.77
6574,91.76
13705,91.74
7781,91.74
6289,91.72
18702,91.72
11363,91.69
2636,91.69
4466,91.63
4504,91.63
8222,91.6
11407,91.6
4556,91.56
2070,91.56
5613,91.55000000000001
13979,91.55
18010,91.54
11317,91.53
6113,91.52
14387,91.5
8711,91.5
16125,91.43
3238,91.43
4957,91.41
10480,91.4
6501,91.4
4250,91.34
6962,91.32
8299,91.29
8271,91.25
10786,91.24
14644,91.23
3365,91.23
12320,91.16
911,91.14
751,91.14
4837,91.12
3928,91.09
15876,91.08000000000001
18219,91.08
788,91.03999999999999
2455,91.01
133,90.99
2128,90.95
9909,90.91
15439,90.91
10849,90.9
16130,90.89
3063,90.88
6221,90.87
19110,90.84
1289,90.81
12081,90.8
3897,90.79
11751,90.77
3100,90.77
151,90.75
6197,90.74000000000001
2813,90.74
12086,90.72
5729,90.69
13156,90.68
7565,90.64
17081,90.62
16296,90.58
13594,90.58
10563,90.57
9840,90.53999999999999
3698,90.53999999999999
4518,90.53
8360,90.53
17695,90.52000000000001
1929,90.44
272,90.44
12829,90.43
11893,90.41999999999999
14585,90.38
12668,90.36
12617,90.36
14818,90.34
18552,90.34
13478,90.34
2867,90.33000000000001
17388,90.33
6840,90.32
6379,90.31
11938,90.28
17528,90.27000000000001
19702,90.24000000000001
10741,90.22
2488,90.21000000000001
8767,90.16
5844,90.16
3564,90.12
11682,90.09
8060,90.08
4490,90.07
13970,90.07
17237,90.06
14830,90.02
5636,89.97000000000001
3907,89.93
512,89.9
13425,89.86
18258,89.86
14313,89.84
4299,89.81
8728,89.8
18601,89.8
3797,89.79
2833,89.75
4255,89.69
5717,89.68
15445,89.68
7658,89.62
15380,89.62
7179,89.58
15772,89.57
1899,89.56
17116,89.56
11982,89.47
10958,89.42
2894,89.4
1598,89.39
3029,89.35
14970,89.33
8302,89.28999999999999
11102,89.25
19753,89.23
10190,89.22999999999999
13410,89.22
14406,89.22
3767,89.21
4689,89.2
9416,89.2
9831,89.14000000000001
3159,89.14
7427,89.1
16715,89.09
6178,89.09
16798,89.05000000000001
19947,89.04
18913,89.01
4702,88.96
582,88.93
18977,88.92999999999999
17441,88.88
3407,88.82
19231,88.79
3712,88.78
16375,88.77
8458,88.74000000000001
18308,88.74
7361,88.74
11905,88.74
1161,88.72999999999999
8388,88.7
14753,88.67
18757,88.62
11331,88.61
16445,88.59
9934,88.59
16559,88.58
12610,88.56
2340,88.55
10393,88.54
2702,88.49000000000001
17668,88.37
16190,88.35
15354,88.34
16586,88.32
17175,88.29
17555,88.29
17797,88.28
17471,88.26
7200,88.18
12864,88.17
14176,88.17
2138,88.13
16217,88.04
11703,88.0
14707,87.99
19284,87.97
4268,87.96
16106,87.92
16392,87.89
6059,87.86
4121,87.84
8931,87.84
14465,87.84
3106,87.84
14894,87.82
9452,87.82
2466,87.81
3598,87.8
1248,87.79
12125,87.78
3374,87.77
4739,87.75
5197,87.71
13572,87.67
1273,87.64
10451,87.59
6995,87.59
13182,87.58
8620,87.58
13484,87.58
13104,87.52
17688,87.51
1605,87.5
7112,87.48
6088,87.47
9821,87.39
11527,87.38
17708,87.38
18048,87.35
5298,87.35
9803,87.34
7787,87.33
19304,87.33
9620,87.32000000000001
7226,87.32
3573,87.31
3180,87.31
1008,87.31
5828,87.26
13939,87.25999999999999
10083,87.24000000000001
18137,87.17
14104,87.16999999999999
5452,87.15
306,87.06
18724,87.05
6420,87.04
5413,87.0
18948,86.99
18693,86.96
6058,86.95
10951,86.94
1505,86.92
1403,86.88
5933,86.87
12917,86.84
19870,86.82
3726,86.78999999999999
8646,86.75
10160,86.73
8827,86.56
14483,86.55
16216,86.54
1325,86.5
9633,86.49000000000001
9374,86.46
19521,86.41
17855,86.31
5722,86.31
7548,86.3
577,86.29
271,86.27
9376,86.26
1781,86.25
4660,86.21
11310,86.15
17324,86.14999999999999
11266,86.14
10468,86.14
12017,86.12
871,86.09
298,86.07
17195,86.05
12553,86.04
16602,86.03999999999999
18160,85.99
5593,85.94
11033,85.91
18001,85.89
12153,85.88
670,85.86
12758,85.85
17245,85.81
12823,85.79
7445,85.78999999999999
13458,85.76
3080,85.74000000000001
6796,85.74
13917,85.72
13744,85.72
8120,85.71
17716,85.71
4720,85.69
5804,85.68
8245,85.65
6360,85.63
3087,85.62
7716,85.57
4551,85.51
6665,85.51
13450,85.47999999999999
7704,85.47
5051,85.46
15230,85.45
6286,85.42999999999999
2879,85.42
5295,85.42
3184,85.31
19823,85.31
13198,85.3
16014,85.28
11613,85.26
8686,85.16
16373,85.16
4683,85.14
17594,85.11
9917,85.1
18299,85.1
19221,85.09
3886,85.09
1029,85.05
10306,85.04
450,85.03
5770,85.03
1669,85.03
3240,85.03
13072,85.02000000000001
4947,85.00999999999999
8489,85.00999999999999
8165,84.99000000000001
17944,84.99
13094,84.96000000000001
3336,84.94
6016,84.94
12663,84.91
8180,84.86
16590,84.83
6669,84.77000000000001
18708,84.76
2371,84.75
8262,84.73
15637,84.71
5325,84.7
17362,84.68
3910,84.67
15886,84.65
225,84.63
19589,84.54
3356,84.54
16860,84.54
5387,84.54
12079,84.51
4067,84.51
4412,84.45
14472,84.43
14426,84.4
1269,84.37
4107,84.34
11560,84.34
538,84.31
4486,84.25
13021,84.24
5688,84.22
9430,84.22
6680,84.18
7638,84.11
7549,84.1
8193,84.09
13590,84.07000000000001
9034,84.06
11361,84.06
2743,84.06
3474,84.03
13972,84.01
13893,83.99
15204,83.98
12901,83.93
16390,83.86
18496,83.82
18309,83.81
9200,83.8
11024,83.78
5417,83.73
5113,83.73
15685,83.73
6963,83.72
12422,83.72
19746,83.67
13337,83.64
2814,83.63
6117,83.61
9387,83.56
17340,83.53
14237,83.52
9158,83.51
4459,83.46
14831,83.43
2792,83.39
5534,83.38
14607,83.38
7367,83.34
4579,83.31
9613,83.3
9512,83.26
6488,83.26
9700,83.21000000000001
8357,83.18
19291,83.12
4777,83.09
7350,83.08
8887,83.07
7069,83.06
5287,83.03999999999999
13827,83.03
17873,83.01
19449,83.01
19453,82.92
11809,82.92
465,82.91
14042,82.91
15071,82.91
6802,82.91
13116,82.9
18877,82.9
2944,82.89
15699,82.81
9342,82.73
11499,82.71000000000001
5185,82.71
14289,82.71
19584,82.7
15156,82.68
6069,82.67
14636,82.65
1446,82.62
11449,82.62
12312,82.61
15021,82.58
11545,82.58
19799,82.52000000000001
227,82.47
9444,82.45
13384,82.42
13710,82.39
12510,82.39
14038,82.37
2979,82.36
17416,82.33
1225,82.31
9819,82.29
8190,82.24000000000001
19233,82.24
16400,82.22
14743,82.08
9898,82.07
8635,82.03
15055,82.02
8664,82.0
12367,82.0
19693,81.98
15455,81.98
6354,81.98
11430,81.98
59,81.92
2652,81.92
2273,81.91
15031,81.9
10768,81.89
14589,81.88
1729,81.86
8424,81.85
18362,81.84
17066,81.82000000000001
4016,81.79
3981,81.78
15491,81.76
9420,81.67
11425,81.64
15301,81.64
13330,81.64
5381,81.6
14392,81.58
1528,81.51
1425,81.5
16817,81.42
3658,81.41
11152,81.39
9054,81.35
2871,81.32
17657,81.27
13001,81.26
4528,81.26
10039,81.23
17297,81.23
17188,81.22
6716,81.22
16873,81.16
15592,81.15
16569,81.14
18459,81.13
9546,81.13
11491,81.12
8167,81.12
4946,81.1
2274,81.03
11119,81.02
2307,81.02
2043,81.01
4327,80.97
18369,80.89
9708,80.86
6561,80.85
12128,80.85
9239,80.84
10964,80.72
400,80.65
19183,80.61
18347,80.59
5611,80.57
4080,80.50999999999999
3959,80.48
9823,80.48
14393,80.47
13615,80.45
7882,80.44
5303,80.37
18536,80.35
6534,80.3
8911,80.29
16983,80.25
16248,80.24
4335,80.22
5196,80.22
14413,80.2
4005,80.17
15924,80.15
978,80.11
17474,80.10000000000001
7087,80.06
9703,80.03
19738,80.02
12667,79.98
2423,79.87
12202,79.86
7975,79.84
2678,79.84
3454,79.84
11089,79.83
19908,79.83
15082,79.83
11382,79.83
18752,79.83
13876,79.80000000000001
1721,79.78
10036,79.76
6575,79.75
6956,79.72999999999999
8864,79.7
12752,79.7
11270,79.7
13267,79.68
10085,79.68
7931,79.66
5139,79.63
6153,79.63
650,79.62
6645,79.61999999999999
12916,79.61
18445,79.59
575,79.58
6588,79.56
12069,79.54
17102,79.53999999999999
6656,79.52
14451,79.45
3713,79.45
5913,79.45
12551,79.45
6863,79.44
5265,79.4
19796,79.39
19867,79.32
17649,79.31
4498,79.3
5238,79.2
7428,79.19
18883,79.17
11264,79.16
17475,79.14
9526,79.06
19205,79.06
1569,79.05
16831,79.04
9121,79.02
15930,79.01
2977,79.01
307,78.99
12396,78.93
10212,78.93
11737,78.93
1171,78.92
17349,78.91999999999999
15346,78.9
12962,78.88999999999999
928,78.83
8752,78.8
11463,78.78
13226,78.78
9579,78.78
15200,78.77
5558,78.75
1694,78.72
5982,78.67
5368,78.53
323,78.52000000000001
17169,78.50999999999999
17500,78.5
951,78.5
18690,78.43
16759,78.42
8410,78.4
1441,78.36
3081,78.29
9217,78.22999999999999
7871,78.19
15369,78.15
9001,78.14
13089,78.14
14590,78.14
13954,78.12
2366,78.1
7338,78.08
16601,78.04
6477,78.03
5586,78.03
4719,78.0
8815,77.99000000000001
12425,77.99000000000001
1121,77.98
19627,77.9
1241,77.88
962,77.87
11633,77.87
3643,77.85
14482,77.84
6478,77.83
3531,77.82
8207,77.81
5817,77.8
7269,77.8
12598,77.72
2030,77.72
8867,77.72
8547,77.72
3978,77.72
5228,77.72
10224,77.7
5631,77.7
14566,77.63
19548,77.59
12337,77.58
9547,77.58
16496,77.58
11105,77.58
15865,77.53
13511,77.5
1744,77.5
6777,77.45
837,77.42
10726,77.42
14744,77.37
16920,77.31
15633,77.3
14603,77.3
19420,77.3
5975,77.28
11294,77.27
11918,77.26
2744,77.26
12262,77.26
14927,77.25
2978,77.23
5336,77.21000000000001
18825,77.21
10243,77.21
5464,77.19
932,77.1
17894,77.09
9402,77.08
18417,77.07
312,77.04
19964,77.03999999999999
13935,76.99
15496,76.94
14278,76.89
14777,76.86
11086,76.82
15003,76.82
7014,76.82
1337,76.66
17627,76.66
10910,76.64
10949,76.63
18895,76.63
12015,76.6
10733,76.6
11790,76.56
13388,76.52
2875,76.46
3976,76.45
16205,76.45
3624,76.41
15984,76.37
6959,76.36
7699,76.32
3216,76.29
6385,76.22
18415,76.21
5204,76.2
9631,76.19
12350,76.13
16584,76.13
2220,76.12
6758,76.09
14673,76.09
19083,76.08
212,76.07
9977,76.04
12106,76.04
14703,76.03999999999999
8488,76.03
7844,76.02000000000001
4597,76.01
10601,76.0
10206,75.98
16775,75.95
3689,75.95
726,75.93
19227,75.93
10373,75.92
10911,75.91
293,75.91
19354,75.87
18503,75.86
11800,75.86
4984,75.86
1039,75.85
7272,75.83
15967,75.78
5847,75.76
6880,75.74
15838,75.73
2295,75.67
6498,75.65
2899,75.64
14226,75.64
8586,75.61
3739,75.52
9837,75.48
4461,75.47
13506,75.45
10790,75.43
1815,75.43
12731,75.37
405,75.36
14611,75.36
6830,75.35
15539,75.34
9004,75.28
7577,75.28
8447,75.25
1946,75.24
6599,75.24
12704,75.21
14794,75.19
27,75.13
11094,75.09
8337,75.09
5734,75.09
4398,75.07
14639,75.06
85,75.05
32,75.05
18406,75.05
10530,75.00999999999999
15432,74.98
2278,74.96
2647,74.95
12919,74.94
6141,74.93
7198,74.9
11225,74.89
15118,74.86
11013,74.86
10307,74.85
9366,74.8
5985,74.77
11732,74.76
5069,74.75999999999999
13519,74.62
11813,74.58
14469,74.58
2051,74.55
13259,74.49
9784,74.47
13806,74.4
15716,74.36000000000001
1830,74.34
3596,74.33
9230,74.32
7915,74.28
18838,74.24000000000001
7623,74.22
8892,74.21
1017,74.18
17455,74.17
2464,74.16
10376,74.16
6015,74.15
15970,74.14
4661,74.14
16671,74.13
12280,74.1
16379,74.03
12001,74.03
1404,73.93
3828,73.92
3542,73.92
6873,73.85
18227,73.79
13243,73.78
10004,73.75999999999999
15337,73.75
13579,73.73
18721,73.73
16812,73.7
19268,73.7
2748,73.69
5386,73.69
3341,73.68
16704,73.61
397,73.53
10920,73.5
19710,73.5
12518,73.49
1666,73.46
511,73.44
4750,73.44
18079,73.4
17430,73.39
14204,73.39
17219,73.38000000000001
14009,73.37
3508,73.34
19779,73.34
7747,73.31
9736,73.28
19842,73.27
18378,73.24
6472,73.23
10310,73.21
14418,73.17
7900,73.10000000000001
7879,73.07
8524,73.02
9665,73.02
12070,72.96
10015,72.89
6706,72.84
3019,72.84
16290,72.83
19466,72.8
12033,72.79
12632,72.72
13624,72.71
19382,72.65
14207,72.64
4989,72.63
9463,72.62
14309,72.59
3527,72.59
3683,72.52000000000001
12224,72.51
1981,72.49
7362,72.46
15302,72.45
14980,72.45
14394,72.44
3484,72.44
10621,72.4
9071,72.37
19628,72.36
16947,72.33
4487,72.3
15780,72.29
5591,72.25
46,72.24
11120,72.22
1281,72.19
8270,72.18
8823,72.16
10551,72.13
2840,72.12
3362,72.1
18598,72.06
19881,72.05000000000001
6975,72.0
3162,71.99
2568,71.98
3274,71.97
10006,71.95
1637,71.91
9347,71.9
9857,71.9
10573,71.9
9180,71.89
1908,71.85
16894,71.84
9390,71.79
17772,71.77
4260,71.74000000000001
5130,71.73
1643,71.69
1447,71.68
19706,71.66
4445,71.64
2535,71.62
14256,71.59
19563,71.58
19482,71.53
7300,71.52
9903,71.51
18540,71.48
15365,71.48
12488,71.41
2364,71.38
13927,71.37
4869,71.35
7360,71.31
1424,71.24000000000001
15769,71.2
7723,71.17
17155,71.16
12708,71.15
5079,71.07
6481,71.07
13849,71.04
2522,71.03
6674,71.03
6196,70.97
3169,70.92
2809,70.88
12995,70.81
3248,70.81
12871,70.77000000000001
4455,70.77
6387,70.76
4545,70.7
9621,70.7
2251,70.7
6694,70.68
13859,70.64
12597,70.63
17756,70.6
11252,70.6
10174,70.59
1699,70.51
10412,70.49000000000001
14398,70.45
12152,70.45
14403,70.45
11334,70.45
18966,70.43
18697,70.43
6955,70.41
13481,70.39
12793,70.35
10369,70.34
9994,70.31
11207,70.3
11686,70.28999999999999
17935,70.28999999999999
14992,70.21
19452,70.18
6689,70.16
15237,70.15
10250,70.14
7500,70.12
15916,70.11
15594,70.1
10436,70.09
7242,70.08
9679,70.03999999999999
18464,70.03
9328,70.03
11211,70.02
1046,70.01
8277,70.00999999999999
14384,70.0
13997,69.99
18635,69.95
7746,69.91
3999,69.87
9524,69.83
3225,69.8
10109,69.78999999999999
16422,69.77
6345,69.77
10297,69.77
14824,69.75
16861,69.69
11282,69.69
19846,69.65
6937,69.65
12902,69.64
15025,69.64
19939,69.63
1296,69.62
14734,69.62
18484,69.62
19018,69.59
16477,69.52
17799,69.49
7640,69.49
6301,69.48
4363,69.47
179,69.45
3655,69.39
17570,69.36
2201,69.33
14538,69.26
258,69.26
6408,69.26
3146,69.25
4267,69.21
19932,69.19
13697,69.1
14641,69.06
5495,69.04
8435,69.03
16136,68.99000000000001
6567,68.99
11008,68.99
2588,68.97
12972,68.92
19601,68.87
3477,68.84
13625,68.82
14993,68.78
13896,68.76
13695,68.74
17522,68.67
10180,68.67
13925,68.67
19324,68.61
8525,68.58
2,68.52000000000001
18434,68.5
18429,68.47
8741,68.42
7701,68.39
16436,68.39
19603,68.36
13117,68.32
6634,68.31
18790,68.30000000000001
1315,68.3
7035,68.27
11763,68.26
7739,68.23
17646,68.19
19979,68.14
2619,68.09
8389,68.09
16424,68.07000000000001
18224,68.05000000000001
17377,68.05
10577,68.00999999999999
5500,67.97
4451,67.97
1470,67.97
7788,67.95
10430,67.89
18802,67.87
15037,67.86
6403,67.84
1133,67.78
15023,67.78
5165,67.78
19598,67.78
5095,67.77
2179,67.76
17679,67.75
5026,67.75
18450,67.74
15324,67.7
5876,67.67
6610,67.59
16686,67.58
2593,67.57
12719,67.53
11784,67.45
10232,67.4
5663,67.39
9928,67.39
3157,67.37
16742,67.36
6401,67.34
176,67.32
4061,67.28999999999999
10218,67.27000000000001
15017,67.19
2483,67.17
13140,67.16
3852,67.13
11882,67.11
9069,67.1
9368,67.09
10814,67.09
13043,67.00999999999999
15742,66.97
15975,66.95
6029,66.84
520,66.78
3267,66.74
13788,66.72
3,66.72
11735,66.72
5964,66.68
12107,66.67
10650,66.65
18090,66.64
3774,66.63
13409,66.63
5155,66.62
10188,66.6
850,66.56
4696,66.53
16593,66.53
12137,66.46
2424,66.46
12311,66.42
9302,66.39
3743,66.38
8412,66.34
7686,66.34
9014,66.32
9522,66.31
7744,66.3
11645,66.29
12490,66.22
9671,66.22
16727,66.22
2136,66.22
10490,66.21000000000001
4303,66.19
12772,66.18
5066,66.17
2309,66.15
1680,66.05
2162,66.04
8304,66.04
10882,66.01
18887,66.01
18975,66.01
17035,65.98
14838,65.98
6883,65.97
6655,65.96
13772,65.94
894,65.94
18447,65.93
9427,65.92999999999999
19463,65.88
1000,65.88
8562,65.88
363,65.85
7260,65.84
2615,65.84
8003,65.83
18828,65.82
6078,65.79
5400,65.73
5771,65.71000000000001
10472,65.7
12189,65.7
10063,65.69
1107,65.67
10566,65.67
11186,65.64
1153,65.6
9688,65.59
17782,65.58
12838,65.56
19996,65.53
8542,65.5
16764,65.5
2146,65.48
1760,65.48
3898,65.47
11381,65.47
903,65.44
15948,65.42
12545,65.37
15166,65.27000000000001
9947,65.27
6549,65.26
8830,65.15
16077,65.11
8030,65.08
7241,65.08
13142,65.07
9388,65.07
5617,65.05
3865,64.99
6918,64.99
6458,64.96000000000001
4103,64.94
5705,64.91
5935,64.9
3194,64.88
9901,64.87
10677,64.87
8483,64.86
15415,64.8
13238,64.77
4881,64.76
10897,64.75999999999999
14754,64.73
6776,64.73
1205,64.72
65,64.69
13558,64.68
2415,64.66
9728,64.63
19802,64.58
5300,64.57
16530,64.57
9467,64.57
14415,64.56
19339,64.53
14191,64.52
1659,64.52
16409,64.51
4415,64.5
18756,64.46
17713,64.45
10632,64.43
10018,64.43
15578,64.4
19051,64.37
17156,64.23
17285,64.2
15957,64.09
5621,64.05
11996,64.03
5796,64.01
8641,64.01
19087,63.96000000000001
9956,63.95
8303,63.95
5622,63.92
19454,63.87
14351,63.84
7868,63.79
9153,63.7
18835,63.69
10346,63.69
1610,63.68
18044,63.65
14628,63.61
3506,63.61
4745,63.56
10192,63.56
3069,63.55
18814,63.55
13734,63.53
18145,63.51
6305,63.5
17608,63.42
11872,63.410000000000004
19900,63.41
13571,63.38
13016,63.37
6842,63.36
6712,63.35
6450,63.29
18553,63.27
13709,63.27
1091,63.260000000000005
18296,63.25
7156,63.25
9966,63.25
15125,63.22
13284,63.2
5881,63.150000000000006
42,63.129999999999995
1353,63.120000000000005
13203,63.06
1775,63.06
19048,63.050000000000004
2072,63.04
9481,63.02
9559,63.019999999999996
13646,63.01
6767,62.98
1162,62.96
11343,62.9
8177,62.86
18460,62.85
14255,62.84
6813,62.8
17614,62.8
3166,62.77
8020,62.74
7715,62.74
18749,62.620000000000005
7981,62.61
7812,62.599999999999994
17244,62.56
13040,62.53
8128,62.489999999999995
12556,62.480000000000004
4602,62.42
14087,62.39
17290,62.36
1378,62.33
975,62.33
8073,62.33
18026,62.27
13194,62.27
1332,62.27
9667,62.269999999999996
9172,62.22
13769,62.21
7706,62.209999999999994
16816,62.2
9563,62.150000000000006
7414,62.12
18068,62.1
4105,62.1
8093,62.08
14427,62.05
7026,61.95
16144,61.95
10745,61.93000000000001
2586,61.92
19533,61.910000000000004
1573,61.910000000000004
7697,61.91
19130,61.85
14840,61.85
3486,61.83
18384,61.82
12990,61.81
18037,61.81
8876,61.74
7778,61.74
6033,61.699999999999996
1108,61.69
9097,61.67
18689,61.66
2949,61.64
15400,61.64
3372,61.62
14719,61.58
9676,61.55
15611,61.55
4634,61.54
4593,61.51
2893,61.51
11322,61.51
4707,61.5
16631,61.480000000000004
13673,61.46
11204,61.44
9223,61.39
19022,61.38
11462,61.38
8613,61.38
1297,61.33
14524,61.33
13677,61.33
18579,61.17
17386,61.16
19970,61.150000000000006
1389,61.13
14515,61.13
16178,61.13
4180,61.129999999999995
8109,61.12
1854,61.1
18779,61.07
15197,61.05
1244,61.04
3755,61.04
8749,60.99
11689,60.98
3832,60.98
13223,60.96
3229,60.91
5669,60.9
8707,60.86
11210,60.8
6964,60.79
18088,60.74
12468,60.73
13212,60.72
7100,60.68
13023,60.68
2767,60.68
5520,60.66
18713,60.64
6895,60.64
6298,60.64
10025,60.57
15551,60.55
12895,60.53
13408,60.53
19167,60.49
9571,60.480000000000004
14813,60.48
3188,60.48
7122,60.44
7553,60.44
3035,60.44
7239,60.43
16166,60.43
5201,60.4
2548,60.4
9073,60.4
9834,60.4
18546,60.38
8678,60.37
17685,60.21
10716,60.04
6157,60.04
5657,60.03
11637,60.03
4125,60.019999999999996
5666,59.98
6184,59.97
15430,59.96
13704,59.96
18279,59.96
14172,59.92
9233,59.88
11590,59.86
18526,59.86
10588,59.85
8331,59.85
10902,59.78
7996,59.78
521,59.77
3172,59.76
17479,59.73
98,59.52
6353,59.5
5487,59.49
19350,59.42
3460,59.41
18793,59.4
9392,59.39
9022,59.36
18530,59.34
16990,59.33
8472,59.31
19499,59.29
16639,59.24
19821,59.24
5986,59.22
15829,59.13
16110,59.07
15654,59.06
19944,59.05
16397,59.05
13273,59.0
8602,58.99
11177,58.99
11074,58.99
13717,58.97
9089,58.95
13973,58.93
12088,58.93
13087,58.93
1448,58.9
19748,58.88
5856,58.88
14602,58.84
3054,58.84
9298,58.83
12747,58.83
10226,58.82
16617,58.82
17495,58.77
3924,58.75
2161,58.75
14193,58.71
14312,58.7
18170,58.69
14576,58.66
14787,58.64
14508,58.5
15412,58.49
3340,58.44
1689,58.43
7959,58.41
11693,58.39
18167,58.36
13791,58.34
6702,58.33
4272,58.31
17211,58.31
12850,58.31
17165,58.29
16849,58.260000000000005
10179,58.26
6621,58.26
15857,58.26
8838,58.25
9355,58.24
6584,58.23
13477,58.23
17571,58.22
7789,58.2
2658,58.12
6108,58.11
12460,58.09
15227,58.089999999999996
11927,58.07
13245,58.07
18722,58.07
8980,58.05
8779,58.02
18233,58.02
9652,57.910000000000004
277,57.89
6720,57.870000000000005
4029,57.87
1577,57.85
15465,57.83
2490,57.8
5661,57.76
490,57.72
5448,57.64
10653,57.63
5970,57.58
12975,57.57
9003,57.56
17126,57.53
17885,57.52
12293,57.52
3533,57.52
4706,57.52
3151,57.52
9799,57.49
15001,57.45
1976,57.44
19999,57.36
15178,57.33
12828,57.33
6921,57.300000000000004
12159,57.27
18971,57.22
12258,57.2
23,57.19
9574,57.14
5116,57.08
1271,57.06
15955,57.04
11083,57.04
360,57.01
13129,56.95
10382,56.94
13841,56.92
1513,56.91
12811,56.88
15397,56.86
7248,56.86
16415,56.86
219,56.86
9422,56.84
15011,56.84
6749,56.82
18796,56.82
4583,56.81
17038,56.76
17321,56.69
19460,56.66
6999,56.62
17314,56.6
19511,56.57
15487,56.5
4479,56.49
13298,56.47
16649,56.47
1627,56.46
17880,56.44
13596,56.42
15702,56.4
7985,56.38
9692,56.33
12513,56.3
10051,56.28
13428,56.24
16256,56.24
3150,56.24
8806,56.239999999999995
14290,56.23
15077,56.209999999999994
4284,56.2
18949,56.16
15263,56.15
2305,56.13
9772,56.13
178,56.09
14069,56.09
7936,56.07
11473,56.04
2983,56.04
17280,56.04
4440,56.02
19583,56.01
12333,55.98
2260,55.97
2438,55.94
14434,55.94
4652,55.94
8224,55.93
9678,55.9
10869,55.84
7564,55.83
3161,55.82000000000001
18042,55.81
12061,55.75
19019,55.74
15026,55.73
10131,55.73
15456,55.73
14951,55.72
4142,55.71
3065,55.68
15560,55.68
17764,55.67
9853,55.660000000000004
9070,55.66
15054,55.66
3167,55.66
17132,55.65
9878,55.64
16452,55.63
19250,55.59
17968,55.57
3211,55.56
14909,55.55
16838,55.45
14235,55.45
1396,55.45
15994,55.39
3949,55.38
11203,55.35
3722,55.349999999999994
14448,55.34
3728,55.33
1176,55.33
17898,55.31
2515,55.29
1568,55.29
9226,55.29
9462,55.28
11487,55.28
4385,55.22
4176,55.18
8230,55.17
10223,55.14
13808,55.11
17579,55.1
17526,55.07
2407,55.05
13438,55.05
17205,55.05
5406,55.04
15270,55.02
10161,55.02
19761,55.02
11383,55.01
902,54.98
5099,54.959999999999994
14646,54.95
12738,54.95
14532,54.94
8324,54.94
2656,54.900000000000006
5421,54.88
283,54.84
11716,54.79
16194,54.77
4098,54.73
10657,54.71
3308,54.71
16324,54.65
7119,54.64
14381,54.63
17161,54.63
13138,54.63
5512,54.63
1552,54.56
6454,54.52
727,54.49
3305,54.45
5582,54.43
12846,54.43
9484,54.43
5260,54.41
6253,54.4
16955,54.29
6739,54.28
8250,54.27
5008,54.25
17376,54.23
17887,54.209999999999994
17846,54.2
5290,54.19
7589,54.14
11959,54.14
231,54.03
9426,53.980000000000004
4746,53.96
15103,53.96
1499,53.96
19524,53.96
6341,53.96
18238,53.95
7321,53.94
9980,53.94
9343,53.92
13262,53.91
19938,53.88
985,53.88
7933,53.88
7755,53.84
1879,53.82
1713,53.82
9186,53.79
14521,53.79
12943,53.78
6349,53.77
9310,53.75
18363,53.71
19169,53.71
2191,53.7
6272,53.69
9304,53.67
18141,53.62
10379,53.61
11278,53.6
15382,53.57
9937,53.56
6698,53.54
6249,53.52
18236,53.49
7097,53.49
19313,53.49
16769,53.49
2911,53.47
12735,53.41
15123,53.41
12092,53.39
16163,53.33
12683,53.32
10336,53.32
1452,53.32
4397,53.28
7854,53.17
16999,53.17
4495,53.160000000000004
15045,53.09
18403,53.09
10943,53.02
18673,52.980000000000004
12174,52.94
1136,52.94
15464,52.93
641,52.89
7632,52.88
16640,52.87
435,52.87
11356,52.86
5251,52.86
13883,52.83
11663,52.83
2637,52.8
15008,52.78
2104,52.75
15669,52.69
1798,52.69
1736,52.68
4003,52.68
16753,52.67
11352,52.58
445,52.58
12091,52.54
13801,52.52
5816,52.5
7154,52.45
16834,52.410000000000004
11148,52.39
6786,52.38
12640,52.38
15393,52.379999999999995
18942,52.34
14932,52.330000000000005
19703,52.33
14057,52.3
2601,52.3
17295,52.28
3006,52.23
19863,52.16
6835,52.14
812,52.06
16255,52.06
18900,52.06
6869,52.03
17170,52.0
943,51.99
3473,51.92
247,51.9
15143,51.9
10854,51.88
1650,51.87
8965,51.86
7984,51.86
8605,51.85
3209,51.81
4507,51.8
7641,51.75
821,51.72
17513,51.71
7082,51.63
8653,51.62
13637,51.6
16965,51.57
15226,51.57
15602,51.57
13054,51.57
9082,51.54
7170,51.45
5223,51.44
12456,51.43
11478,51.43
2594,51.43
9639,51.43
3334,51.38
10151,51.37
9758,51.33
3621,51.26
14017,51.23
14027,51.23
1221,51.22
13041,51.2
15211,51.19
19358,51.18
13971,51.16
13225,51.1
17633,51.02
16045,51.02
12416,51.010000000000005
8365,50.99
4400,50.99
14612,50.98
9473,50.94
10724,50.89
113,50.89
10647,50.88
15024,50.87
19053,50.87
12176,50.87
12110,50.85
8872,50.85
8055,50.85
12435,50.84
7341,50.83
10760,50.83
1055,50.83
15482,50.82
263,50.82
926,50.81
6576,50.79
19296,50.79
10127,50.769999999999996
14829,50.76
16936,50.72
18305,50.72
12541,50.7
8786,50.63
13862,50.63
12076,50.61
7169,50.57
6713,50.55
12880,50.54
6545,50.52
1450,50.49
15278,50.47
19149,50.46
16600,50.39
5468,50.38
158,50.38
15965,50.370000000000005
5577,50.35
5890,50.34
19370,50.33
869,50.31
9306,50.3
1417,50.3
8575,50.29
5680,50.260000000000005
19357,50.23
6555,50.16
16829,50.15
18719,50.15
13752,50.15
5567,50.14
3319,50.14
8021,50.14
7580,50.099999999999994
379,50.05
7909,50.04
13133,50.03
5106,50.01
1264,50.01
3295,50.0
8070,49.97
7419,49.92
12184,49.92
13918,49.92
963,49.91
6746,49.91
8164,49.9
5658,49.89
15364,49.85
9561,49.82
3392,49.78
8692,49.76
13957,49.75
11684,49.7
6321,49.69
18498,49.69
9441,49.67
3696,49.66
19899,49.57
11049,49.57
12707,49.55
14096,49.54
16254,49.52
16306,49.52
15288,49.52
16634,49.51
12602,49.44
9184,49.37
7418,49.34
1492,49.34
240,49.32
13992,49.29
19713,49.28
7238,49.28
7517,49.28
7031,49.28
6761,49.23
14571,49.21
1236,49.21
7690,49.17
15199,49.17
13193,49.17
10388,49.16
2206,49.16
7974,49.16
18263,49.13
12898,49.13
2679,49.13
19571,49.13
10965,49.12
4854,49.05
6476,49.03
4843,49.02
16984,48.99
7374,48.97
12795,48.91
1704,48.86
10613,48.85
3469,48.76
16037,48.76
17946,48.73
1306,48.72
8246,48.709999999999994
3720,48.7
7540,48.67
17710,48.66
16211,48.65
14129,48.64
331,48.64
8208,48.58
4690,48.54
11090,48.51
5252,48.51
8954,48.51
5834,48.51
16681,48.5
14551,48.47
12155,48.47
1139,48.47
6676,48.47
947,48.41
17366,48.4
14676,48.4
14261,48.38
15146,48.35
4161,48.35
11408,48.32
16859,48.32
19803,48.31
15764,48.24
11162,48.239999999999995
17950,48.21
9985,48.21
19486,48.07
11713,48.07
17466,48.07
4093,48.06
1707,48.06
6942,48.06
10125,48.02
19177,48.019999999999996
17186,47.99
13885,47.97
281,47.91
13600,47.82
16902,47.76
6371,47.75
8526,47.67
17389,47.66
2933,47.63
203,47.62
3813,47.58
4349,47.57
5646,47.55
8461,47.55
1504,47.53
9124,47.489999999999995
10981,47.489999999999995
13535,47.45
11300,47.45
12620,47.44
13777,47.42
1624,47.42
2114,47.39
2861,47.33
13079,47.32
1063,47.24
17667,47.24
541,47.24
9407,47.24
8868,47.21
12547,47.19
3203,47.19
17134,47.19
7852,47.19
15513,47.18
7657,47.17
4230,47.14
18670,47.14
18096,47.14
15850,47.12
5780,47.09
6267,47.06
9382,47.03
16427,47.02
3310,47.01
13891,47.01
5190,47.0
10287,47.0
10305,46.92
5707,46.92
10446,46.92
13022,46.9
18520,46.88
194,46.87
5869,46.81
11223,46.78
19107,46.75
8758,46.75
16372,46.71
2755,46.71
15098,46.71
18152,46.7
8743,46.66
15147,46.64
8756,46.61
15589,46.57
11038,46.46
1191,46.46
11906,46.45
6060,46.45
19112,46.44
19038,46.4
9872,46.39
9042,46.39
16707,46.39
16976,46.38
2972,46.31
688,46.29
11213,46.2
13122,46.18
8532,46.15
10318,46.12
12133,46.12
7603,46.11
11219,46.08
11373,46.03
16462,46.010000000000005
833,45.97
17523,45.959999999999994
15554,45.9
16523,45.87
2726,45.87
3532,45.87
1662,45.85
5962,45.82
15287,45.78
4591,45.78
11272,45.74
11121,45.73
7654,45.71
4264,45.69
5028,45.620000000000005
15366,45.62
5810,45.61
244,45.56
2267,45.56
15078,45.53
4051,45.53
6398,45.5
11295,45.5
13905,45.47
6424,45.46
15816,45.42
19256,45.34
11380,45.31
11709,45.31
4929,45.31
9357,45.31
5267,45.25
5058,45.239999999999995
15293,45.2
15619,45.19
9332,45.18
5711,45.17
17726,45.01
4848,44.98
14004,44.94
18108,44.94
4544,44.92
16322,44.91
15763,44.88
11410,44.879999999999995
7530,44.85
1622,44.8
13145,44.78
12542,44.73
8141,44.73
17658,44.73
112,44.71
18394,44.57
17079,44.57
4279,44.56
13815,44.53
14453,44.46
10738,44.46
3540,44.44
9761,44.44
914,44.44
14444,44.44
15070,44.44
7510,44.43
6395,44.41
12008,44.32
221,44.27
7901,44.27
8828,44.27
14863,44.27
18884,44.26
18222,44.26
13728,44.22
3971,44.22
28,44.21
9303,44.21
10097,44.2
13281,44.18
13636,44.18
280,44.18
15466,44.15
16564,44.14
2567,44.11
8522,44.1
16567,44.09
843,44.06
8599,44.06
10142,44.05
10558,44.04
7250,44.04
13723,44.02
8943,43.93000000000001
6388,43.9
13978,43.89
9040,43.89
17440,43.89
3485,43.88
442,43.85
10112,43.83
17981,43.82
16628,43.79
386,43.79
1549,43.77
11547,43.75
8929,43.73
14985,43.72
8091,43.71
14229,43.7
14945,43.7
3766,43.69
11658,43.68
2388,43.68
729,43.66
4670,43.66
2954,43.66
9789,43.65
17501,43.62
10280,43.61
14077,43.6
18931,43.43
6991,43.3
18146,43.28
3921,43.28
14701,43.27
13186,43.27
10437,43.24
16101,43.24
8285,43.18
3925,43.17
4151,43.08
2402,43.05
8719,43.05
13643,43.04
8401,43.01
6394,43.01
1867,43.01
10324,42.97
3247,42.96
6258,42.94
1192,42.92
15241,42.92
16273,42.91
1341,42.89
12701,42.86
4954,42.86
13687,42.83
19509,42.68
12447,42.61
15398,42.6
9286,42.59
546,42.58
16447,42.57
14045,42.56
7017,42.54
17917,42.52
19314,42.52
9057,42.47
4087,42.43
19860,42.42
17928,42.379999999999995
4678,42.379999999999995
5017,42.36
4212,42.35
1619,42.34
18241,42.34
1233,42.33
10714,42.32
6028,42.32
11998,42.3
10517,42.28
17288,42.27
18292,42.24
3873,42.24
8888,42.22
1212,42.22
14882,42.18
421,42.13
7103,42.12
11647,42.09
7107,42.09
7793,42.06
4521,42.06
14786,42.04
8851,41.99
11313,41.99
6731,41.99
11639,41.980000000000004
8047,41.97
986,41.97
17676,41.97
9802,41.96
9027,41.84
15119,41.81
19472,41.79
14281,41.74
3254,41.7
18400,41.7
18344,41.67
4806,41.67
241,41.65
16746,41.61
10855,41.61
14361,41.61
2126,41.51
4849,41.5
18640,41.5
7368,41.49
11650,41.42
4261,41.42
12526,41.36
10969,41.35
735,41.32
3331,41.27
13471,41.26
10419,41.26
1961,41.23
9721,41.2
17146,41.16
14136,41.13
9955,41.13
12115,41.13
17635,41.07
7696,41.06
18186,41.05
16429,41.0
14019,40.99
11799,40.98
12558,40.96
5321,40.96
18390,40.96
15231,40.96
11349,40.93
6400,40.88
2289,40.86
9472,40.82
4539,40.78
16402,40.78
5194,40.78
4338,40.76
4857,40.739999999999995
9940,40.73
13991,40.69
3775,40.69
12605,40.69
13732,40.68
19677,40.68
10034,40.67
14175,40.61
18206,40.61
3090,40.61
6057,40.58
2235,40.57
556,40.57
14855,40.53
2046,40.52
7116,40.51
12098,40.47
8311,40.47
13712,40.45
14706,40.43
2056,40.42
10527,40.41
13786,40.37
13132,40.35
9100,40.34
6998,40.32
10723,40.31
13669,40.31
13270,40.31
2192,40.3
11670,40.27
14294,40.23
15875,40.2
15581,40.19
18359,40.19
3534,40.19
11591,40.17
1163,40.15
14768,40.15
7927,40.14
16331,40.09
1111,40.08
15,40.06
5237,40.03
7352,40.03
9682,40.01
1345,39.99
6006,39.99
6660,39.98
14462,39.95
16731,39.94
7137,39.93
3288,39.93
5738,39.93
8032,39.89
16850,39.88
3007,39.88
19561,39.88
6732,39.86
17674,39.84
16592,39.84
13375,39.84
15102,39.84
4371,39.839999999999996
18807,39.83
5508,39.78
9333,39.76
13432,39.76
17605,39.76
3702,39.76
10556,39.74
15498,39.74
15765,39.71
17028,39.68
12636,39.67
720,39.62
8989,39.61
11715,39.61
16757,39.6
618,39.6
16515,39.58
10338,39.58
6847,39.58
3101,39.55
18869,39.52
11398,39.5
16468,39.5
7714,39.49
14420,39.44
14859,39.35
8265,39.34
12573,39.3
16714,39.27
2714,39.27
3612,39.27
12264,39.25
5418,39.25
14201,39.23
7545,39.21
17905,39.18
14683,39.14
2264,39.13
17154,39.13
17699,39.11
401,39.1
15297,39.09
9255,39.09
13074,39.08
9714,39.07
13118,39.07
4523,39.06
155,39.06
2958,39.0
8308,38.98
5245,38.93
19011,38.89
4874,38.88
11859,38.86
17984,38.86
1700,38.86
18657,38.86
17369,38.85
5203,38.79
18181,38.76
6297,38.75
16028,38.75
11966,38.75
15413,38.75
14936,38.74
16405,38.74
6644,38.74
6318,38.730000000000004
10078,38.71
3538,38.71
10194,38.71
15327,38.7
9224,38.7
19565,38.66
4834,38.63
2271,38.57
11335,38.55
9120,38.54
5031,38.4
10761,38.4
6317,38.36
1246,38.35
4310,38.33
8433,38.33
2697,38.33
9666,38.32
19353,38.32
16213,38.32
18314,38.28
18229,38.2
7024,38.19
13598,38.19
3190,38.18
4577,38.16
7263,38.13
16113,38.13
14370,38.13
2263,38.13
2301,38.13
4916,38.099999999999994
10464,38.09
3323,37.97
13195,37.9
10474,37.9
17919,37.85
1307,37.81
5954,37.79
973,37.79
6495,37.79
9039,37.79
3796,37.79
7270,37.79
16470,37.78
624,37.77
12284,37.77
2352,37.72
2406,37.66
10799,37.65
14808,37.65
82,37.63
8065,37.61
5222,37.599999999999994
5293,37.59
5536,37.57
9443,37.57
10460,37.57
6711,37.55
17197,37.54
14557,37.53
19634,37.51
10461,37.51
2447,37.46
18438,37.45
6667,37.45
3780,37.43
8317,37.42
897,37.31
3451,37.29
3857,37.23
10900,37.23
5551,37.23
5765,37.23
5149,37.23
18208,37.23
8968,37.22
1911,37.19
5034,37.18
13665,37.18
8013,37.17
438,37.17
17680,37.16
1183,37.16
5691,37.15
9925,37.12
6142,37.11
17843,37.1
6741,37.09
934,37.01
8614,36.98
19774,36.98
10107,36.96
17309,36.92
7818,36.85
9216,36.81
17470,36.81
3020,36.81
19226,36.78
18510,36.74
15032,36.72
13011,36.7
6295,36.7
14685,36.7
7693,36.69
19200,36.68
12954,36.68
18061,36.62
6928,36.52
11683,36.510000000000005
2606,36.43
1831,36.43
2026,36.39
2556,36.38
7890,36.38
4123,36.3
16578,36.28
9730,36.28
7318,36.17
16826,36.17
7225,36.16
8273,36.15
3137,36.15
11928,36.13
16988,36.13
9686,36.13
8005,36.1
2398,36.09
2003,36.08
7140,36.07
10931,36.07
15627,36.06
8682,36.06
18653,36.0
16647,36.0
1028,35.99
14189,35.97
6547,35.95
1532,35.88
3379,35.86
7949,35.84
4768,35.78
15280,35.78
19302,35.76
12474,35.76
558,35.76
14138,35.75
10934,35.75
15652,35.74
8544,35.74
11457,35.74
5929,35.7
9726,35.64
18533,35.6
7466,35.6
15859,35.6
15711,35.6
3825,35.6
6715,35.59
13400,35.59
12857,35.59
16546,35.56
4664,35.49
16091,35.49
15671,35.49
12221,35.49
11230,35.48
516,35.48
710,35.43
15094,35.38
18373,35.36
15033,35.349999999999994
17838,35.34
13739,35.31
14245,35.269999999999996
17694,35.25
10465,35.23
18351,35.22
11098,35.21
5311,35.16
13190,35.14
2891,35.13
17265,35.13
18368,35.129999999999995
16552,35.12
11081,35.1
18239,35.1
1917,35.1
3654,35.05
17135,35.03
15420,35.03
11195,35.03
4944,35.02
13730,35.01
16128,35.0
12652,34.84
15131,34.83
2631,34.83
10693,34.82
12594,34.82
19741,34.81
9278,34.75
1735,34.74
16042,34.74
16630,34.730000000000004
12515,34.69
8539,34.65
4821,34.62
7903,34.61
1856,34.58
8179,34.58
18996,34.57
14362,34.57
15989,34.53
11572,34.53
11840,34.47
9058,34.44
4190,34.41
7480,34.38
16655,34.38
6972,34.38
7204,34.38
1866,34.33
2905,34.33
7850,34.33
7349,34.32
17346,34.32
19116,34.29
6638,34.29
17848,34.26
8350,34.24
8053,34.24
17771,34.18
10478,34.18
14729,34.18
8961,34.18
6460,34.14
6089,34.11
6593,34.04
12032,34.03
1795,34.03
16986,34.03
10825,34.03
17025,34.02
9425,34.02
10835,34.0
16610,33.97
11289,33.91
11474,33.91
3668,33.88
6115,33.870000000000005
7948,33.86
14102,33.76
11379,33.76
16455,33.75
8708,33.72
2006,33.69
1014,33.66
17306,33.64
13279,33.63
18587,33.6
15698,33.6
14851,33.6
7206,33.58
2818,33.58
4604,33.58
17049,33.510000000000005
17457,33.47
7138,33.47
2238,33.42
7987,33.38
17238,33.36
19325,33.34
3400,33.28
10633,33.27
8147,33.27
5282,33.22
8296,33.14
4924,33.14
13606,33.09
16736,33.06
10938,33.03
18218,33.02
4389,33.010000000000005
16032,33.01
3860,32.99
19966,32.99
5071,32.980000000000004
1090,32.94
12633,32.94
19294,32.91
2673,32.9
13796,32.9
5695,32.82
15904,32.76
10850,32.74
5319,32.73
2034,32.73
7563,32.62
10642,32.62
16869,32.6
7831,32.54
17486,32.53
19024,32.51
19570,32.51
18703,32.49
3963,32.47
5718,32.47
17341,32.45
13398,32.43
2852,32.41
18416,32.41
9314,32.41
12265,32.38
5936,32.33
12713,32.32
8364,32.3
13787,32.28
64,32.27
18485,32.27
3908,32.24
8889,32.22
14258,32.22
3228,32.19
11175,32.18
9716,32.18
8163,32.17
15500,32.13
9110,32.07
5999,32.07
5573,32.06
4813,32.06
5424,32.05
13068,32.05
17407,32.05
9194,32.05
1180,32.05
12286,31.94
8231,31.93
7576,31.93
4249,31.89
647,31.86
13601,31.86
18000,31.82
3705,31.77
296,31.72
13379,31.72
12217,31.71
3062,31.7
6864,31.68
12408,31.66
10028,31.66
19156,31.64
10293,31.63
17322,31.63
6541,31.63
8933,31.59
7918,31.58
10012,31.54
5172,31.51
9231,31.5
18578,31.48
3629,31.43
5187,31.42
9611,31.41
8411,31.38
11164,31.36
10787,31.33
1342,31.33
4496,31.32
11501,31.31
2458,31.31
12238,31.28
4099,31.18
10208,31.16
617,31.09
7823,31.09
7189,31.09
14759,31.08
14012,30.97
2995,30.97
5330,30.96
1009,30.96
2633,30.95
19687,30.91
18225,30.9
4780,30.89
11913,30.83
5086,30.82
3945,30.82
7404,30.82
17785,30.82
15869,30.810000000000002
18401,30.75
11667,30.73
11988,30.71
1483,30.71
12552,30.71
6214,30.71
17671,30.71
16352,30.71
10068,30.71
191,30.64
8917,30.63
10067,30.62
10341,30.62
5159,30.61
12529,30.61
11933,30.61
2173,30.61
156,30.56
10512,30.54
14410,30.52
14574,30.5
2762,30.48
10381,30.46
17311,30.45
13153,30.44
10003,30.4
10844,30.38
11834,30.38
11972,30.38
667,30.33
4028,30.27
6449,30.27
19422,30.27
15841,30.26
8878,30.25
16832,30.17
17230,30.13
10391,30.13
13206,30.12
18509,30.12
110,30.12
5517,30.12
13373,30.12
19055,30.02
13448,29.99
19137,29.99
15479,29.99
15391,29.96
15182,29.93
10998,29.92
10165,29.83
8721,29.83
12122,29.83
12723,29.78
8417,29.77
10029,29.76
13631,29.76
12259,29.71
4257,29.68
16815,29.62
4667,29.53
7923,29.52
11795,29.49
7597,29.48
342,29.46
15624,29.44
5105,29.44
10300,29.43
18770,29.4
8229,29.35
4645,29.29
4460,29.29
17437,29.23
19888,29.22
11143,29.22
3133,29.22
2862,29.22
19839,29.22
2821,29.18
5396,29.18
19988,29.17
19773,29.17
9608,29.17
9352,29.17
15140,29.12
19518,29.12
14843,29.08
7609,29.08
17638,29.05
333,29.0
1558,28.98
14058,28.96
10901,28.96
13038,28.96
14142,28.96
4355,28.94
8169,28.93
16549,28.92
8426,28.92
10014,28.92
15042,28.92
9250,28.89
19804,28.89
15976,28.89
7114,28.89
1268,28.89
4949,28.89
7104,28.84
9914,28.84
1639,28.8
18204,28.79
3096,28.79
4725,28.73
19070,28.73
18617,28.73
983,28.7
18376,28.67
12142,28.65
5013,28.65
9122,28.64
17629,28.6
11917,28.59
429,28.59
12352,28.59
7095,28.59
4762,28.59
7913,28.59
10375,28.57
11651,28.57
674,28.57
18564,28.57
5492,28.57
7960,28.57
15339,28.55
16201,28.53
10840,28.51
17998,28.48
1987,28.48
6772,28.47
12121,28.46
17849,28.44
7254,28.39
14306,28.32
13341,28.32
14807,28.23
18472,28.23
19974,28.23
19675,28.21
10332,28.18
11036,28.18
6623,28.16
18076,28.12
12164,28.12
13488,28.12
8581,28.12
18427,28.12
5157,28.12
15127,28.08
2856,28.06
11200,28.05
1099,28.05
4263,28.05
1137,28.04
10454,28.04
1705,28.04
1001,28.03
10374,28.03
14938,27.91
19094,27.91
6370,27.91
4157,27.89
11608,27.75
13633,27.72
14246,27.69
16359,27.68
2379,27.68
15625,27.68
10959,27.669999999999998
18213,27.66
6055,27.66
6494,27.61
17660,27.61
3462,27.6
3742,27.6
15827,27.6
1800,27.6
10873,27.6
16722,27.57
3551,27.55
13189,27.53
1034,27.53
16509,27.53
5147,27.52
10312,27.52
10288,27.51
4240,27.51
19080,27.47
16305,27.47
4196,27.47
6493,27.47
9005,27.45
12983,27.45
4616,27.45
11307,27.45
1115,27.41
18604,27.35
3025,27.34
12786,27.28
14691,27.27
9929,27.24
7323,27.22
10086,27.21
15696,27.18
9437,27.18
10433,27.15
10497,27.14
12397,27.14
12497,27.14
19385,27.13
642,27.12
10183,27.1
4069,27.05
4311,27.05
2270,27.05
13380,27.05
14924,27.05
4116,27.01
16034,26.98
7406,26.98
11619,26.88
19106,26.85
9105,26.79
4047,26.76
11862,26.75
15946,26.73
4298,26.7
13756,26.64
918,26.62
1197,26.61
11528,26.6
7705,26.58
5502,26.58
17312,26.51
4555,26.5
8297,26.4
5045,26.4
17779,26.4
1392,26.39
5829,26.38
3437,26.38
3064,26.37
8451,26.37
1044,26.21
19431,26.21
5154,26.13
4426,26.1
8001,26.08
18008,26.06
1746,26.03
15950,26.02
14342,25.98
19915,25.94
11110,25.94
15803,25.85
3335,25.82
4559,25.79
4807,25.74
17697,25.73
3408,25.73
5823,25.73
428,25.71
7303,25.71
14251,25.689999999999998
3541,25.59
2611,25.54
13565,25.54
10404,25.53
537,25.51
8528,25.49
8092,25.49
8778,25.49
16643,25.48
7780,25.48
18567,25.47
13367,25.45
11384,25.42
4262,25.41
1250,25.41
10744,25.32
4703,25.31
6446,25.31
8220,25.3
6459,25.17
1204,25.08
15113,25.08
8571,25.08
15158,25.06
10929,25.06
5249,25.04
3567,24.95
19835,24.91
13813,24.89
13085,24.89
12087,24.87
11004,24.85
11483,24.78
17403,24.78
17823,24.77
5708,24.77
17957,24.77
18878,24.77
17215,24.76
3715,24.76
4736,24.73
11657,24.67
1002,24.66
11375,24.63
12653,24.63
8837,24.63
2163,24.57
6877,24.57
13240,24.49
2339,24.49
3794,24.47
19498,24.47
579,24.47
11039,24.46
12169,24.45
13816,24.4
1415,24.37
3851,24.33
15272,24.33
4691,24.33
13536,24.29
7127,24.28
14113,24.28
11492,24.19
13802,24.1
18857,24.1
9141,24.08
4592,24.009999999999998
3268,24.0
14920,23.94
1405,23.92
5055,23.9
8380,23.9
589,23.83
10531,23.83
709,23.83
9253,23.75
9750,23.75
9960,23.72
675,23.7
14331,23.63
4863,23.62
341,23.61
18911,23.560000000000002
14519,23.56
981,23.53
16279,23.43
3226,23.41
5623,23.4
19621,23.38
10670,23.37
9092,23.35
15985,23.31
4380,23.31
7976,23.23
15710,23.23
19600,23.23
11865,23.21
2616,23.21
17545,23.21
7386,23.15
15148,23.14
18013,23.14
8006,23.11
6718,23.11
13366,23.11
7953,23.09
1698,23.08
822,23.05
6671,23.04
18748,22.97
18618,22.97
2381,22.96
4465,22.89
17993,22.86
16380,22.86
2623,22.84
3122,22.82
15719,22.8
10752,22.58
12754,22.57
6416,22.54
4048,22.48
10826,22.41
7760,22.4
19957,22.27
5915,22.24
11877,22.23
18370,22.22
5859,22.22
8527,22.16
17163,22.08
12193,22.06
8964,22.02
3252,22.01
16884,22.0
2071,21.98
11623,21.9
4872,21.9
1094,21.9
18490,21.9
11056,21.85
19885,21.85
13541,21.85
15030,21.83
11521,21.83
1287,21.77
14052,21.77
1826,21.77
10921,21.77
5627,21.75
9544,21.75
3361,21.72
5373,21.69
18698,21.64
15389,21.61
11496,21.61
8666,21.57
19328,21.55
10175,21.51
4033,21.48
7091,21.48
1905,21.48
17645,21.48
4095,21.46
5514,21.43
6836,21.38
19975,21.37
14330,21.35
18348,21.32
15689,21.32
12304,21.26
6974,21.25
5349,21.25
9793,21.1
12870,21.09
6809,21.08
16307,21.08
10417,21.08
6442,21.08
15076,21.03
14705,20.94
860,20.88
13986,20.810000000000002
1218,20.74
15240,20.73
17755,20.73
12282,20.73
11386,20.729999999999997
2902,20.71
9150,20.68
8486,20.68
13915,20.57
12831,20.53
5048,20.46
8947,20.42
8063,20.29
9654,20.19
12272,20.19
2525,20.19
3826,20.17
1920,20.15
3283,20.14
8501,20.14
6649,20.130000000000003
19437,20.11
14297,20.11
13758,20.11
12108,20.06
13352,20.05
10576,19.95
6717,19.94
1817,19.94
11346,19.89
13274,19.86
867,19.85
10286,19.83
12535,19.81
10687,19.76
18207,19.759999999999998
2338,19.7
18466,19.69
6800,19.69
1670,19.65
14564,19.65
950,19.63
8775,19.59
10402,19.58
4610,19.58
18826,19.58
15609,19.56
567,19.56
12774,19.52
12848,19.5
14401,19.48
10166,19.46
7096,19.37
11445,19.35
4606,19.35
5256,19.33
13556,19.3
15067,19.25
1857,19.15
11788,19.14
2304,19.130000000000003
10948,19.1
3626,19.05
11378,19.05
18113,19.05
2741,19.02
18075,18.98
12986,18.98
9325,18.9
13569,18.87
6114,18.87
6620,18.77
8018,18.759999999999998
11441,18.61
18750,18.59
12606,18.56
11782,18.54
16362,18.54
19470,18.52
5773,18.52
5233,18.51
3516,18.5
5278,18.5
16478,18.4
1293,18.39
10645,18.39
19875,18.39
18816,18.37
18015,18.26
7935,18.25
8862,18.25
4306,18.25
4223,18.25
3688,18.25
10612,18.25
12942,18.24
8564,18.1
3631,18.1
6978,18.1
16476,18.03
3687,18.03
6429,17.93
11323,17.93
1466,17.92
17417,17.92
6034,17.91
4408,17.91
15566,17.88
15541,17.88
1951,17.87
17122,17.82
570,17.78
5087,17.73
10933,17.66
17044,17.66
11066,17.62
6709,17.61
4350,17.6
18842,17.6
16645,17.58
8660,17.56
7199,17.55
10824,17.52
11140,17.51
19647,17.51
18924,17.48
19536,17.48
18277,17.48
13688,17.47
17012,17.47
346,17.47
10742,17.46
8422,17.46
8369,17.46
16302,17.42
854,17.42
4585,17.42
7423,17.37
14516,17.37
424,17.34
19146,17.33
9485,17.32
1560,17.31
8000,17.29
1774,17.26
12216,17.26
6439,17.26
10047,17.19
15320,17.19
5742,17.19
10337,17.18
1584,17.14
9849,17.11
15923,17.1
4126,17.09
3523,17.08
19045,17.02
11892,17.01
18302,16.94
12175,16.91
15107,16.87
19292,16.87
4007,16.86
4092,16.86
15565,16.82
16003,16.82
1475,16.82
29,16.8
9068,16.73
1877,16.72
5129,16.72
11818,16.58
8969,16.58
11431,16.57
10330,16.56
7703,16.56
910,16.54
2088,16.5
10846,16.49
15931,16.46
12420,16.45
17757,16.45
14239,16.43
10340,16.34
11438,16.33
6264,16.33
16540,16.32
5348,16.32
2529,16.29
7731,16.28
19464,16.28
11640,16.28
8209,16.24
17672,16.16
15524,16.16
15599,16.16
564,16.09
16535,16.04
8087,16.04
1493,16.03
19326,16.02
11855,15.99
2866,15.99
19351,15.98
12936,15.91
7497,15.89
16315,15.89
16223,15.89
10627,15.86
548,15.86
138,15.86
4110,15.86
16626,15.86
13526,15.86
7566,15.72
8643,15.72
6492,15.71
13508,15.64
6527,15.64
3772,15.64
19300,15.62
9028,15.54
6248,15.53
12567,15.46
8239,15.39
11611,15.39
3994,15.35
12698,15.33
17850,15.33
19542,15.33
9570,15.32
1965,15.29
13549,15.25
14686,15.24
987,15.19
17955,15.19
705,15.18
10614,15.18
10058,15.18
17325,15.18
8056,15.18
5255,15.17
6993,15.16
1393,15.13
16157,15.1
10769,15.07
7009,15.06
4346,15.06
5367,15.01
9858,14.98
4958,14.84
10322,14.82
7442,14.76
19541,14.73
8326,14.71
19381,14.69
3483,14.6
9532,14.6
10664,14.6
15246,14.56
14667,14.56
3031,14.559999999999999
14717,14.55
1320,14.55
9111,14.54
17067,14.54
4997,14.52
2774,14.44
3817,14.42
9584,14.42
18798,14.42
13358,14.4
1844,14.31
7886,14.3
7907,14.27
2493,14.26
13464,14.24
1322,14.24
8533,14.24
6821,14.22
11814,14.08
13287,14.08
16791,14.08
1954,14.08
14214,14.08
5277,14.04
11720,14.03
14095,14.02
4962,14.02
11437,14.02
10466,14.02
2950,14.02
13681,14.02
4169,14.01
9354,13.9
18214,13.9
9011,13.86
15065,13.83
16637,13.81
15399,13.8
3801,13.8
5861,13.72
7441,13.71
19754,13.71
14449,13.71
3782,13.68
3781,13.68
13357,13.67
19525,13.65
7998,13.65
10759,13.63
17969,13.62
18038,13.6
19501,13.55
6535,13.53
9215,13.53
1771,13.51
7102,13.48
1312,13.48
1538,13.46
13495,13.39
5827,13.33
7516,13.3
18463,13.13
4040,13.13
6314,13.1
7123,13.02
3575,13.0
7373,12.97
309,12.97
649,12.97
4038,12.96
9498,12.94
17892,12.9
8012,12.9
2599,12.9
4165,12.85
12253,12.8
8143,12.76
3317,12.73
10439,12.73
16044,12.73
4594,12.73
18734,12.73
9339,12.72
12476,12.64
18628,12.64
17975,12.63
1740,12.6
6609,12.56
2182,12.55
12837,12.55
7089,12.55
7512,12.55
16064,12.49
16934,12.44
4827,12.44
18174,12.41
4878,12.41
5871,12.37
17017,12.37
103,12.37
15053,12.37
19265,12.34
3434,12.32
13321,12.26
19912,12.26
18342,12.17
787,12.16
6096,12.14
4845,12.09
2356,12.08
6243,12.08
9974,12.08
14085,12.08
16340,12.05
9943,12.02
13415,11.97
2397,11.97
13745,11.97
10453,11.92
449,11.92
13603,11.82
15820,11.82
16277,11.75
904,11.72
15813,11.72
17394,11.72
8661,11.67
12057,11.67
7359,11.67
12095,11.65
16068,11.64
640,11.64
15651,11.63
1453,11.62
9048,11.62
16259,11.57
8715,11.57
18252,11.57
5291,11.57
18892,11.57
4232,11.39
3130,11.39
16750,11.37
14457,11.3
12383,11.26
4120,11.26
1080,11.24
2436,11.22
12805,11.22
4786,11.22
13200,11.2
6829,11.17
8573,11.13
5825,11.13
3509,11.13
2321,11.03
19718,11.02
11193,11.02
11337,11.02
8633,10.99
9880,10.97
13265,10.97
14458,10.97
17747,10.92
6146,10.91
16783,10.91
19613,10.91
18024,10.82
6670,10.81
17830,10.81
19545,10.67
2365,10.67
12920,10.64
4308,10.64
13056,10.63
3827,10.62
11978,10.6
2156,10.6
4211,10.6
9920,10.6
13607,10.57
1583,10.55
967,10.55
18176,10.55
19218,10.55
1812,10.5
4860,10.38
755,10.38
8232,10.34
16155,10.25
15902,10.25
6986,10.25
5269,10.23
15910,10.23
2583,10.21
1291,10.21
19780,10.21
15761,10.21
18028,10.21
2661,10.18
17277,10.18
14477,10.17
443,10.11
1431,10.04
13564,10.04
4238,10.04
18184,10.03
19309,9.99
10755,9.97
15905,9.97
6538,9.96
7271,9.95
17270,9.95
12101,9.95
3966,9.93
14858,9.84
11534,9.84
17719,9.82
9518,9.79
19840,9.79
15014,9.79
15672,9.69
2830,9.69
4148,9.58
18501,9.58
7670,9.57
17119,9.54
8058,9.47
18041,9.4
15443,9.39
13910,9.39
3601,9.39
8748,9.39
6618,9.35
10789,9.31
16752,9.27
2288,9.27
19393,9.26
18623,9.25
5808,9.25
6756,9.25
7598,9.2
1787,9.2
6965,9.2
7054,9.2
851,9.2
7301,9.2
5524,9.19
7878,9.19
16200,9.03
12436,9.01
12071,9.01
6183,8.92
14892,8.85
19461,8.85
3581,8.85
887,8.85
7157,8.85
3770,8.82
7978,8.79
17094,8.79
8352,8.79
14429,8.79
1758,8.7
742,8.68
12727,8.68
7209,8.68
19808,8.66
19082,8.56
8700,8.55
18868,8.55
14156,8.55
3657,8.53
758,8.53
2837,8.5
2976,8.47
5547,8.47
11248,8.46
19569,8.45
17365,8.39
3141,8.38
12292,8.35
13183,8.35
16738,8.35
15525,8.33
18886,8.32
11433,8.31
3114,8.31
19990,8.28
8625,8.28
14536,8.25
7006,8.24
12494,8.15
10387,8.15
6611,8.15
2907,8.07
19877,8.07
11328,8.03
15569,8.03
1336,8.03
467,7.98
8508,7.97
8754,7.97
9373,7.91
17580,7.91
6624,7.91
7807,7.9
6414,7.9
17940,7.9
12426,7.9
1767,7.9
17268,7.89
3144,7.87
8811,7.86
11614,7.82
6070,7.82
135,7.82
8737,7.81
14143,7.79
10289,7.7
13204,7.68
1969,7.68
4474,7.67
1703,7.58
5607,7.58
17303,7.54
18398,7.51
3566,7.51
2076,7.51
14825,7.48
13941,7.48
12763,7.47
12826,7.47
779,7.45
17537,7.42
4358,7.42
16418,7.41
19707,7.41
15109,7.4
8942,7.39
12357,7.39
7192,7.39
4595,7.39
1542,7.39
6917,7.38
16291,7.35
11580,7.35
10492,7.35
11220,7.34
2229,7.28
4618,7.27
234,7.26
11588,7.24
16900,7.24
15035,7.16
11233,7.12
11961,7.12
14504,7.12
2690,7.07
13795,7.06
16186,7.06
4649,7.04
5126,7.04
2537,7.04
15424,6.98
6722,6.98
3874,6.96
12023,6.96
1016,6.96
529,6.93
3519,6.93
8396,6.85
3622,6.82
3108,6.8
15648,6.8
2614,6.8
6926,6.79
7173,6.79
1778,6.72
14461,6.72
9168,6.7
15991,6.65
786,6.63
6960,6.61
11014,6.54
18571,6.54
3747,6.54
11793,6.52
4259,6.52
5944,6.52
9997,6.51
13082,6.33
2617,6.32
10323,6.32
15851,6.28
14850,6.26
17643,6.26
18067,6.21
3432,6.21
14935,6.18
12860,6.15
2372,6.14
11979,6.13
12507,6.13
14121,6.06
18963,6.03
2469,6.01
14187,6.0
6254,5.93
396,5.93
26,5.93
18285,5.93
18824,5.92
19872,5.91
1147,5.89
5453,5.81
15212,5.76
14364,5.73
4228,5.71
15295,5.7
16662,5.69
12706,5.66
2778,5.64
13768,5.63
9295,5.63
7210,5.63
11157,5.63
13326,5.63
17766,5.63
4509,5.53
19145,5.5
14327,5.47
5316,5.41
3993,5.4
9451,5.4
4091,5.4
19923,5.37
16612,5.37
17397,5.37
19012,5.37
18929,5.35
6729,5.3
5914,5.25
7275,5.25
19161,5.25
10229,5.23
13812,5.22
6875,5.21
11244,5.13
14738,4.96
18295,4.95
14369,4.95
14272,4.86
17087,4.86
19260,4.86
8530,4.86
17287,4.78
4894,4.73
6319,4.71
18912,4.69
8939,4.67
16506,4.59
14030,4.54
8144,4.54
15670,4.5
16702,4.3
12761,4.3
10315,4.22
3378,4.22
3952,4.2
4060,4.15
12041,4.15
7600,4.15
9455,3.99
5354,3.94
18095,3.82
1075,3.82
13164,3.74
11660,3.5
9739,3.5
17988,3.32
630,3.32
11946,2.8
